날짜	직업	등수	참가자	덱코드	대회코드	카드
2026-02-21	ビショップ	1	15	6HVBW	1469482	{'〔月下の悪魔ちゃん♪〕メジロパーマー': 3, '剛健の翼人': 2, '三日月の女神 ツクヨミ': 3, '極炎のドラグーン・ローラ': 3, '絶望の聖女・ジャンヌ': 3, '不思議な青空・アリス': 3, '闇穿つ煌き・サリッサ': 3, 'リボルバーイーグル': 2, 'ルナールの聖騎士': 3, 'ヘイブンファイア': 3, '希望導く聖乙女・ジャンヌ': 3, '迸る光明・アポロン': 3, 'メルティングシュガー・セリーナ': 3, 'デュアルカノンマザー・ラナ': 3}
2026-02-21	ロイヤル	2	15	5WHAL	1469482	{'刹那のクイックブレイダー': 3, '空の指揮官・セリア': 3, 'ナハトの私兵': 3, '辺境の騎士見習い': 3, 'アウトローガンナー': 2, 'アストロウィング・ララミア': 3, '音速の機構・ララミア': 3, '月の刃・リオード': 3, '忠義の剣士・エリカ': 3, '白銀の騎士団長・エミリア': 3, '約束の栄光・ガウェイン': 3, 'カースドクイーン・ナハト・ナハト': 3, '晴天の銀騎士・エミリア': 3, 'ダークセイバー・メリッサ': 2}
2026-02-21	エルフ	3	15	4NL0Y	1469482	
2026-02-21	ナイトメア	4	15	4Q8AU	1469482	{'ストレイホロウ・イルガンノ': 3, 'ソウルガイド・エイミー': 2, '友魂の少女・ルナ': 3, 'デッドペナルティ': 3, '憧れの飛躍・イツルギ': 3, 'ゴールドラッシュゴースト': 2, '死期を視るもの・グレモリー': 3, '幽霊支配人・アーカス': 2, '異形': 3, '大ツルハシの骸': 2, '佰死と佰亡の六銘伝・イルゼ＆ウルゼ': 3, '瞑地の天宮・ムカン': 2, '人外魔境・クリストフ': 3, '奔放なる獄炎・ケルベロス': 3, 'カオスルーラー・アイシィレンドリング': 1, 'ブラックスワン・オディール': 2}
2026-02-21	プリンセスコネクト！Re:Dive	5	15	62KP2	1469482	{'オーロラヒーリング': 3, 'コールオブギルド': 3, 'イリヤ': 1, 'クロエ': 3, 'シェフィ': 3, 'チエル': 3, 'マホ': 2, '真理と実存の共同幻想': 3, 'ダークエクリプス': 3, 'ちぇるちぇる☆かあにばる': 3, 'ユキ': 1, 'いつか、また会う未来で': 3, 'エリス': 3, 'キャル': 3, 'ユニ': 3}
2026-02-21	エルフ	6	15	1A3XS	1469482	{'コッコロ': 3, '深緑の弓使い・アリサ': 3, '小さな勇士・スクナ': 3, 'ピュアクリスタリア・リリィ': 2, '優美な猫姉妹・シャム＆シャマ': 3, '自然の導き': 2, '対空射撃': 3, '爆砕の傭兵・フィーナ': 3, '不思議な青空・アリス': 3, 'マドロスエルフ': 3, 'ロイヤルクリスタリア・ティア': 2, '〔渚の花嫁〕新田美波': 3, 'フロストクリスタリア・エリン': 3, '迸る光明・アポロン': 2, '〔よくばりサニーバカンス〕アナスタシア': 2}
2026-02-21	ドラゴン	7	15	XNPU	1469482	{'朱翼の入学祝': 3, '竜殺しの槍': 2, '炎髄の副会長・テンカ': 3, '彩尾の風紀委員': 3, '大地のドラゴニュート': 2, '暴竜・伊達政宗': 3, '爆炎の咆哮': 1, '竜の託宣': 3, '壊竜の六銘伝・エル': 3, '気高き雷・ロマロニア': 2, '殺竜騎士・ロイ': 3, '竜槍の戦士・ローウェン': 3, '炎柱の竜人': 3, '焦熱の竜翼・ドラーク': 3, '白亜の竜騎士': 3}
2026-02-21	ドラゴン	8	15	78BTS	1469482	{'華麗なる竜人・マリオン': 3, '希望の火 エルモ': 2, '銀氷のドラゴニュート・フィルレイン': 3, 'ツルマルツヨシ': 2, '竜炎の設計士': 3, '風を駆る者・エイファ': 1, '椎名法子': 1, 'シェフィ': 2, 'ストライクドラグーン': 3, 'ドラゴンナイト ネハーレン': 3, 'ファイアーリザード': 3, '原初の竜使い': 2, 'セイウンスカイ': 3, 'ニシノフラワー': 3, 'ダークドラグーン・フォルテ': 2, 'ドラゴニックメイル・ギルヴァ': 3, '覇道の竜翼・フォルテ': 1}
2026-02-21	プリンセスコネクト！Re:Dive	1	13	46856	1470082	{'アオイ': 1, 'アネモネ': 3, 'エリコ': 3, 'コッコロ': 3, 'ユイ': 3, 'ラビリスタ': 3, 'レイ': 3, 'オーロラヒーリング': 2, 'コールオブギルド': 3, 'イリヤ': 2, 'カスミ': 3, 'ネビア': 2, 'マホ': 3, 'ランファ': 3, 'ネフィ＝ネラ': 3}
2026-02-21	ビショップ	2	13	42XPS	1470082	{'剛健の翼人': 3, 'ベルエンジェル・リア': 2, '熟達の翼戦士': 3, '神殿の癒し手': 2, '絶望の聖女・ジャンヌ': 3, '福呼びの狐': 3, '闇穿つ煌き・サリッサ': 3, 'ルナールの聖騎士': 3, 'ルビーファルコン': 2, '鉄拳の神父': 2, '呪われた翼・シロ': 3, 'ブライトパラディン・ウィルバート': 3, 'グランドナイト・ウィルバート': 3, '勇壮の堕天使・オリヴィエ': 2, '聖騎士・ヘクター': 3}
2026-02-21	ロイヤル	3	13	3WBR6	1470082	{'ばーくがる': 3, 'ベルエンジェル・リア': 3, 'ベルエンジェル': 3, '思わぬ躓き': 1, 'タイラントオーダー': 1, '反転する翼': 3, 'フォーリンショット': 3, '天使の泉': 3, 'グランスエンジェル': 3, '恒久の天使': 1, '天界の尖兵': 3, '天使の恩寵': 3, 'カースドクイーン・ナハト・ナハト': 3, 'コラプションガーディアン': 2, 'スパルタクス': 2, '勇壮の堕天使・オリヴィエ': 3}
2026-02-21	エルフ	4	13	4FTVA	1470082	{'宿命の狐火・セッカ': 3, '深緑の弓使い・アリサ': 3, '小さな勇士・スクナ': 3, 'チェシャキャット': 3, 'ベビーカーバンクル': 2, '優美な猫姉妹・シャム＆シャマ': 3, '九尾の決意': 1, '対空射撃': 3, 'アネモネタイガー': 3, '爆砕の傭兵・フィーナ': 3, '不思議な青空・アリス': 3, 'マドロスエルフ': 3, '〔渚の花嫁〕新田美波': 3, 'サルビアパンサー': 3, 'アナスタシア': 1}
2026-02-21	ロイヤル	5	13	7D828	1470082	{'簒奪の従者': 3, 'アヴァリティア': 3, '鮮やかな奪取': 3, '極意たる空絶': 3, 'アサルトバンデッド': 3, 'アルセーヌ・ルパン': 3, '干絶の飢餓・ギルネリーゼ': 2, '空絶の崇拝者': 3, '簒奪の絶傑・オクトリス': 3, '月の刃・リオード': 3, '簒奪の蛇剣': 3, '空絶の簒奪・オクトリス': 3, 'カースドクイーン・ナハト・ナハト': 3, '簒奪の舞': 2}
2026-02-21	ウィッチ	6	13	3DC60	1470082	{'栄光の華・エレノア': 3, 'ジャンピング・ジル': 3, 'ジュエリーマネージャー・フラージュ': 3, 'ダークメタル・バイコーン': 3, 'ベルエンジェル・リア': 2, 'ブリリアントカット': 3, '冥界の催眠術師': 1, '越光の六銘伝・マナ': 3, '干絶の飢餓・ギルネリーゼ': 3, 'ジュエリーアドバイザー': 2, 'ジュエリーバウンサー': 2, 'ダイナマイト・ジャグラー': 3, '迸る光明・アポロン': 3, '密かなる商談': 3, 'マギスの魔導師': 3}
2026-02-21	ナイトメア	7	13	626MN	1470082	{'マンマル1号': 3, 'メカニカルガンナー': 3, '紅のワルツ': 3, '鋼鉄の希望': 3, 'デッドペナルティ': 2, 'ファースト・ワン': 3, '永続の機構・ニコラ': 2, '真紅の抗戦者・モノ': 3, '創出の紫紺・エンネア': 3, 'フロートボードマーセナリー': 3, 'マンマル2号': 3, '禁絶の腕・ニコラ': 3, '悠久の真紅・モノ': 3, '紫紺の抵抗者・エンネア': 1, '絆の共振': 2}
2026-02-21	プリンセスコネクト！Re:Dive	8	13	7Z9K6	1470082	{'オーロラヒーリング': 3, 'コールオブギルド': 3, 'イリヤ': 2, 'クロエ': 3, 'シェフィ': 3, 'チエル': 3, 'マホ': 1, '真理と実存の共同幻想': 2, 'ダークエクリプス': 3, 'ちぇるちぇる☆かあにばる': 3, 'ユキ': 2, 'いつか、また会う未来で': 3, 'エリス': 3, 'キャル': 2, 'サレン': 1, 'ユニ': 3}
2026-02-21	プリンセスコネクト！Re:Dive	1	15	2QQ28	1475787	{'アネモネ': 3, 'エリコ': 3, 'クローチェ': 3, 'コッコロ': 3, 'アメス': 1, 'イノリ': 3, 'ヴルム': 1, 'シェフィ': 3, 'ネビア': 3, 'ムイミ': 3, 'リンド': 1, 'いつか、また会う未来で': 3, 'エリス': 3, 'ホマレ': 3, 'カヤ': 2, 'ライラエル': 2}
2026-02-21	ナイトメア	2	15	3Q8EU	1475787	{'ストレイホロウ・イルガンノ': 3, 'ソウルガイド・エイミー': 2, '友魂の少女・ルナ': 3, 'デッドペナルティ': 3, '憧れの飛躍・イツルギ': 3, 'ゴールドラッシュゴースト': 2, '死期を視るもの・グレモリー': 3, '幽霊支配人・アーカス': 2, '異形': 3, '大ツルハシの骸': 2, '佰死と佰亡の六銘伝・イルゼ＆ウルゼ': 3, '瞑地の天宮・ムカン': 2, '人外魔境・クリストフ': 3, '奔放なる獄炎・ケルベロス': 3, 'カオスルーラー・アイシィレンドリング': 1, 'ブラックスワン・オディール': 2}
2026-02-21	プリンセスコネクト！Re:Dive	3	15	756TE	1475787	{'オーロラヒーリング': 2, 'コールオブギルド': 3, 'クロエ': 3, 'シェフィ': 3, 'チエル': 3, 'マホ': 2, '真理と実存の共同幻想': 2, 'ダークエクリプス': 3, 'ちぇるちぇる☆かあにばる': 3, 'ペコリーヌ': 3, 'いつか、また会う未来で': 3, 'エリス': 3, 'キャル': 3, 'サレン': 1, 'ユニ': 3}
2026-02-21	ナイトメア	4	15	624A4	1475787	{'ストレイホロウ・イルガンノ': 3, 'ソウルガイド・エイミー': 3, '友魂の少女・ルナ': 3, 'デッドペナルティ': 3, '憧れの飛躍・イツルギ': 3, 'ゴールドラッシュゴースト': 2, '死期を視るもの・グレモリー': 2, '幽霊支配人・アーカス': 2, '異形': 3, '大ツルハシの骸': 2, '佰死と佰亡の六銘伝・イルゼ＆ウルゼ': 3, '瞑地の天宮・ムカン': 2, '人外魔境・クリストフ': 3, '奔放なる獄炎・ケルベロス': 3, 'カオスルーラー・アイシィレンドリング': 1, 'ブラックスワン・オディール': 2}
2026-02-21	ナイトメア	5	15	3TKS8	1475787	{'ストレイホロウ・イルガンノ': 3, 'ソウルガイド・エイミー': 2, '友魂の少女・ルナ': 3, 'デッドペナルティ': 3, '憧れの飛躍・イツルギ': 2, '一刀の幽鬼・カゲロウ': 1, 'ゴールドラッシュゴースト': 2, '死期を視るもの・グレモリー': 2, '衝動の人狼・リベルテ': 2, '幽霊支配人・アーカス': 2, '異形': 2, '大ツルハシの骸': 2, '佰死と佰亡の六銘伝・イルゼ＆ウルゼ': 2, '瞑地の天宮・ムカン': 2, '人外魔境・クリストフ': 3, '奔放なる獄炎・ケルベロス': 3, 'カオスルーラー・アイシィレンドリング': 2, 'ブラックスワン・オディール': 2}
2026-02-21	エルフ	6	15	2XJHW	1475787	{'オケアノス': 2, '区役所の丙種職員': 3, '樹律の祈り子': 2, '炎術検定A級': 3, '新約都市・透京': 3, '樹権の剪定者': 3, '樹正の木鐸・キョウ': 3, '樹都の拳士': 3, '魔汚区役所職員・災藤': 3, '揺蕩う意志・スピネ': 2, 'アークエンジェル・レイナ': 3, '浄樹の六銘伝・ロロ・ロニエ': 3, '凍土の女王・ピアシィ': 3, '因芽応報': 1, '浄土蒔植': 3}
2026-02-21	ドラゴン	7	15	4V336	1475787	{'ブレイジングブレス': 3, 'ワイバーンガード バリィ': 3, '干絶の飢餓・ギルネリーゼ': 2, 'シェフィ': 3, 'ドラゴニックレイジ': 3, 'ドラゴニュートの威圧': 3, '竜の託宣': 3, 'いつか、また会う未来で': 3, '天使の恩寵': 3, '竜の怒り': 3, '竜の翼': 2, '《世界》・ゼルガネイア': 2, 'ゴッドバレットゴーレム': 1, '最果ての罪・サタン': 1, '無謀なる戦': 2, 'リントヴルム': 3}
2026-02-21	ロイヤル	8	15	7ADW4	1475787	{'区役所の丙種職員': 3, '死角の観測員': 3, '異端の調査協力': 3, '炎術検定A級': 3, '戦技斬刀': 3, 'ギガブレード': 3, '新約都市・透京': 1, '隘路の調査員': 3, '魔汚区役所職員・災藤': 3, 'ロストサムライ・カゲミツ': 3, '簒奪の信者': 2, '全識の六銘伝・シンラ': 3, 'ワイルドメディエーター・ガンマ': 3, 'ダークセイバー・メリッサ': 1, '俯瞰の捜査員': 3}
2026-02-21	ナイトメア	1	12	4966C	1477393	{'マンマル1号': 3, 'メカニカルガンナー': 3, '紅のワルツ': 3, '鋼鉄の希望': 3, 'デッドペナルティ': 2, 'ファースト・ワン': 3, '永続の機構・ニコラ': 2, '真紅の抗戦者・モノ': 3, '創出の紫紺・エンネア': 3, 'フロートボードマーセナリー': 3, 'マンマル2号': 3, '禁絶の腕・ニコラ': 3, '悠久の真紅・モノ': 3, '紫紺の抵抗者・エンネア': 1, '絆の共振': 2}
2026-02-21	ナイトメア	2	12	2UTJU	1477393	{'ストレイホロウ・イルガンノ': 3, 'ソウルガイド・エイミー': 2, '友魂の少女・ルナ': 3, 'デッドペナルティ': 3, '憧れの飛躍・イツルギ': 3, 'ゴールドラッシュゴースト': 3, '死期を視るもの・グレモリー': 2, '幽霊支配人・アーカス': 3, '異形': 3, '大ツルハシの骸': 1, '佰死と佰亡の六銘伝・イルゼ＆ウルゼ': 3, '瞑地の天宮・ムカン': 1, '人外魔境・クリストフ': 3, '奔放なる獄炎・ケルベロス': 3, 'カオスルーラー・アイシィレンドリング': 2, 'ブラックスワン・オディール': 2}
2026-02-21	ナイトメア	3	12	6ULCG	1477393	{'ストレイホロウ・イルガンノ': 3, 'ソウルガイド・エイミー': 2, '友魂の少女・ルナ': 3, 'デッドペナルティ': 3, '憧れの飛躍・イツルギ': 3, 'ゴールドラッシュゴースト': 3, '死期を視るもの・グレモリー': 1, '幽霊支配人・アーカス': 3, '異形': 3, '大ツルハシの骸': 2, '佰死と佰亡の六銘伝・イルゼ＆ウルゼ': 3, '瞑地の天宮・ムカン': 2, '人外魔境・クリストフ': 3, '奔放なる獄炎・ケルベロス': 3, 'カオスルーラー・アイシィレンドリング': 1, 'ブラックスワン・オディール': 2}
2026-02-21	プリンセスコネクト！Re:Dive	4	12	530MS	1477393	{'オーロラヒーリング': 3, 'コールオブギルド': 3, 'イリヤ': 1, 'クロエ': 3, 'シェフィ': 3, 'チエル': 3, '真理と実存の共同幻想': 2, 'ダークエクリプス': 3, 'ちぇるちぇる☆かあにばる': 3, 'ペコリーヌ': 2, 'いつか、また会う未来で': 3, 'プリンセスストライク': 1, 'エリス': 3, 'キャル': 3, 'サレン': 1, 'ユニ': 3}
2026-02-21	プリンセスコネクト！Re:Dive	5	12	4Y9Q0	1477393	{'オーロラヒーリング': 3, 'コールオブギルド': 3, 'イリヤ': 1, 'クロエ': 3, 'シェフィ': 3, 'チエル': 3, 'マホ': 2, '真理と実存の共同幻想': 2, 'ダークエクリプス': 3, 'ちぇるちぇる☆かあにばる': 2, 'ペコリーヌ': 2, 'いつか、また会う未来で': 3, 'プリンセスストライク': 2, 'エリス': 3, 'キャル': 2, 'ユニ': 3}
2026-02-21	プリンセスコネクト！Re:Dive	6	12	3LKP2	1477393	{'アネモネ': 2, 'クローチェ': 3, 'イノリ': 3, 'ヴルム': 2, 'シェフィ': 3, 'ネビア': 2, 'ムイミ': 3, 'リンド': 3, 'ペコリーヌ': 3, 'いつか、また会う未来で': 3, 'エリス': 2, 'サレン': 3, 'ホマレ': 3, 'カヤ': 3, 'ライラエル': 2}
2026-02-21	ナイトメア	7	12	30JC0	1477393	{'ストレイホロウ・イルガンノ': 3, 'ソウルガイド・エイミー': 2, '友魂の少女・ルナ': 3, 'デッドペナルティ': 3, '憧れの飛躍・イツルギ': 3, 'ゴールドラッシュゴースト': 2, '死期を視るもの・グレモリー': 2, '幽霊支配人・アーカス': 3, '異形': 3, '大ツルハシの骸': 1, '佰死と佰亡の六銘伝・イルゼ＆ウルゼ': 3, '瞑地の天宮・ムカン': 2, '人外魔境・クリストフ': 3, '奔放なる獄炎・ケルベロス': 3, 'カオスルーラー・アイシィレンドリング': 2, 'ブラックスワン・オディール': 2}
2026-02-21	エルフ	8	12	35C7E	1477393	{'クロスボウスナイパー': 3, '宿命の狐火・セッカ': 3, 'ベルエンジェル・リア': 3, 'リマ': 2, 'オーロラヒーリング': 3, '九尾の決意': 2, '薫交の思慕': 3, '自然の導き': 3, '対空射撃': 1, 'ナチュラル・マナ': 1, '万象の加護': 1, 'フラワーブリーズ': 1, 'むつらの刻印': 2, '不殺の狂信者': 3, 'マーベラスサンデー': 2, 'はやい！うまい！はやい！': 1, '不殺の刻印': 1, '不殺の円陣': 3, 'ノーブルフェアリー': 3, '不殺の使徒': 3, 'エクスキューション': 1, '獣戦士・セタス': 3, 'キングエレファント': 2}
2026-02-21	ナイトメア	1	21	4SSH6	1478079	{'ストレイホロウ・イルガンノ': 3, 'ソウルガイド・エイミー': 2, '友魂の少女・ルナ': 3, 'デッドペナルティ': 3, '憧れの飛躍・イツルギ': 3, 'ゴールドラッシュゴースト': 2, '死期を視るもの・グレモリー': 2, '幽霊支配人・アーカス': 3, '異形': 3, '大ツルハシの骸': 2, '佰死と佰亡の六銘伝・イルゼ＆ウルゼ': 3, '瞑地の天宮・ムカン': 2, '人外魔境・クリストフ': 3, '奔放なる獄炎・ケルベロス': 3, 'カオスルーラー・アイシィレンドリング': 1, 'ブラックスワン・オディール': 2}
2026-02-21	ナイトメア	2	21	W8G0	1478079	{'ストレイホロウ・イルガンノ': 3, 'ソウルガイド・エイミー': 2, '友魂の少女・ルナ': 3, 'デッドペナルティ': 3, '憧れの飛躍・イツルギ': 3, 'ゴールドラッシュゴースト': 3, '死期を視るもの・グレモリー': 1, '幽霊支配人・アーカス': 3, '異形': 3, '大ツルハシの骸': 2, '佰死と佰亡の六銘伝・イルゼ＆ウルゼ': 3, '瞑地の天宮・ムカン': 2, '人外魔境・クリストフ': 3, '奔放なる獄炎・ケルベロス': 3, 'カオスルーラー・アイシィレンドリング': 1, 'ブラックスワン・オディール': 2}
2026-02-21	エルフ	3	21	45576	1478079	{'オケアノス': 3, '区役所の丙種職員': 3, '樹律の祈り子': 2, '炎術検定A級': 3, '新約都市・透京': 3, '樹権の剪定者': 3, '樹正の木鐸・キョウ': 3, '樹都の拳士': 3, '魔汚区役所職員・災藤': 3, '揺蕩う意志・スピネ': 3, 'アークエンジェル・レイナ': 3, '浄樹の六銘伝・ロロ・ロニエ': 3, '凍土の女王・ピアシィ': 3, '因芽応報': 1, '浄土蒔植': 1}
2026-02-21	ウィッチ	4	21	4AWRE	1478079	{'機械兵': 3, 'メカニカルガンナー': 3, '叡智の結実': 3, 'ソニック・フォー': 3, '清澄の蒼・テトラ': 3, 'フロートボードマーセナリー': 3, 'マシンブックソーサラー': 3, '蒼の反逆者・テトラ': 3, '大型機械兵': 2, '結束の魔術': 3, '戦慄の侵略': 3, '極致の創造主・ベルフォメット': 3, '機械神': 1, '天地の侵略者・ベルフォメット': 3, 'アイアロンの支配者・ベルフォメット': 1}
2026-02-21	エルフ	5	21	3RG3E	1478079	{'コッコロ': 2, '深緑の弓使い・アリサ': 3, '小さな勇士・スクナ': 3, 'ピュアクリスタリア・リリィ': 2, '優美な猫姉妹・シャム＆シャマ': 3, '自然の導き': 3, '対空射撃': 3, '爆砕の傭兵・フィーナ': 3, '不思議な青空・アリス': 3, 'マドロスエルフ': 3, 'ロイヤルクリスタリア・ティア': 2, '〔渚の花嫁〕新田美波': 3, '迸る光明・アポロン': 3, '凍土の女王・ピアシィ': 2, 'アナスタシア': 2}
2026-02-21	ナイトメア	6	21	735G4	1478079	{'ストレイホロウ・イルガンノ': 3, 'ソウルガイド・エイミー': 2, '友魂の少女・ルナ': 3, 'ソウルコンバージョン': 1, 'デッドペナルティ': 2, '憧れの飛躍・イツルギ': 3, 'ゴールドラッシュゴースト': 3, '死期を視るもの・グレモリー': 3, 'バロン・ダブルフィール': 3, '異形': 3, '大ツルハシの骸': 2, '佰死と佰亡の六銘伝・イルゼ＆ウルゼ': 3, '人外魔境・クリストフ': 3, '奔放なる獄炎・ケルベロス': 3, 'カオスルーラー・アイシィレンドリング': 1, 'ブラックスワン・オディール': 2}
2026-02-21	プリンセスコネクト！Re:Dive	7	21	4HF6U	1478079	{'オーロラヒーリング': 3, 'コールオブギルド': 3, 'イリヤ': 1, 'クロエ': 3, 'シェフィ': 3, 'チエル': 3, 'マホ': 2, '真理と実存の共同幻想': 2, 'ダークエクリプス': 3, 'ちぇるちぇる☆かあにばる': 2, 'ユキ': 2, 'いつか、また会う未来で': 3, 'プリンセスストライク': 2, 'エリス': 3, 'キャル': 2, 'ユニ': 3}
2026-02-21	ロイヤル	8	21	7579N	1478079	{'盗賊の乱飛': 3, '値引き交渉': 3, '楽園への来訪': 3, '艶やかなる太夫・ギンネ': 3, '照明の案内人': 3, '帳場ガエル': 3, '華の大将・タケツミ': 3, '簒奪の信者': 3, '達人の芸者': 3, '伊達の大見得': 2, 'カースドクイーン・ナハト・ナハト': 2, 'ダークセイバー・メリッサ': 3, '天下の大泥棒・ジエモン': 3, 'ジェンティルドンナ': 3}
2026-02-22	プリンセスコネクト！Re:Dive	1	23	1EB3N	1453196	{'オーロラヒーリング': 3, 'コールオブギルド': 3, 'キョウカ': 3, 'クロエ': 3, 'シェフィ': 2, 'チエル': 3, '真理と実存の共同幻想': 2, 'ダークエクリプス': 3, 'ちぇるちぇる☆かあにばる': 3, 'ペコリーヌ': 2, 'いつか、また会う未来で': 3, 'プリンセスストライク': 2, 'エリス': 3, 'キャル': 2, 'ユニ': 3}
2026-02-22	プリンセスコネクト！Re:Dive	2	23	3Z8BS	1453196	{'オーロラヒーリング': 3, 'コールオブギルド': 3, 'イリヤ': 1, 'クロエ': 3, 'シェフィ': 3, 'チエル': 3, 'ダークエクリプス': 3, 'ちぇるちぇる☆かあにばる': 3, '真理と実存の共同幻想': 2, 'ペコリーヌ': 2, 'ユキ': 2, 'いつか、また会う未来で': 3, 'エリス': 3, 'キャル': 2, 'サレン': 1, 'ユニ＆クロエ＆チエル': 3}
2026-02-22	ドラゴン	3	23	3S85N	1453196	{'天威のドラグーン': 3, '艶麗なる竜人・マリオン': 3, '干絶の飢餓・ギルネリーゼ': 1, 'ドラゴニックコール': 3, '迸る光明・アポロン': 3, '竜巫女の儀式': 1, '雲海の騎竜兵': 1, 'オーブキャンサー': 3, '灼熱のアナテマ・バーンドナイト': 3, '蒼炎のドラゴニュート': 3, '荒波のドラグーン・ザハール': 3, '邪智の竜・ファフニール': 2, '《正義》・イランツァ': 2, 'パンプキンドラゴン': 3, '猛火のティラノサウルス': 3, '竜喰らう禁忌': 3}
2026-02-22	ナイトメア	4	23	65UDU	1453196	{'ストレイホロウ・イルガンノ': 3, 'ソウルガイド・エイミー': 3, '友魂の少女・ルナ': 3, 'ソウルコンバージョン': 3, 'デッドペナルティ': 2, '憧れの飛躍・イツルギ': 2, 'ゴールドラッシュゴースト': 3, '死期を視るもの・グレモリー': 2, '幽霊支配人・アーカス': 1, '夢のささやき': 2, '異形': 3, '瞑地の天宮・ムカン': 2, '人外魔境・クリストフ': 3, '奔放なる獄炎・ケルベロス': 3, 'カオスルーラー・アイシィレンドリング': 2, 'ブラックスワン・オディール': 2, '冥守の戦士・カムラ': 1}
2026-02-22	プリンセスコネクト！Re:Dive	5	23	45DLY	1453196	{'オーロラヒーリング': 3, 'コールオブギルド': 3, 'イリヤ': 1, 'クロエ': 3, 'シェフィ': 3, 'チエル': 3, 'マホ': 1, '真理と実存の共同幻想': 2, 'ダークエクリプス': 3, 'ちぇるちぇる☆かあにばる': 3, 'ペコリーヌ': 2, 'いつか、また会う未来で': 3, 'エリス': 3, 'キャル': 3, 'サレン': 1, 'ユニ': 3}
2026-02-22	エルフ	6	23	1ESGL	1453196	{'コッコロ': 3, '深緑の弓使い・アリサ': 3, '小さな勇士・スクナ': 3, 'ピュアクリスタリア・リリィ': 2, '優美な猫姉妹・シャム＆シャマ': 3, '自然の導き': 3, '対空射撃': 3, '爆砕の傭兵・フィーナ': 3, '不思議な青空・アリス': 3, 'マドロスエルフ': 3, 'ロイヤルクリスタリア・ティア': 3, '〔渚の花嫁〕新田美波': 3, 'フロストクリスタリア・エリン': 2, '凍土の女王・ピアシィ': 1, 'アナスタシア': 2}
2026-02-22	ナイトメア	7	23	13BQQ	1453196	{'マンマル1号': 3, 'メカニカルガンナー': 3, '紅のワルツ': 3, '鋼鉄の希望': 3, 'デッドペナルティ': 2, 'ファースト・ワン': 3, '永続の機構・ニコラ': 2, '真紅の抗戦者・モノ': 3, '創出の紫紺・エンネア': 3, 'フロートボードマーセナリー': 3, 'マンマル2号': 3, '禁絶の腕・ニコラ': 3, '悠久の真紅・モノ': 3, '紫紺の抵抗者・エンネア': 1, '絆の共振': 2}
2026-02-22	ウィッチ	8	23	6MBAC	1453196	{'栄光の華・エレノア': 3, 'ジャンピング・ジル': 3, 'ジュエリーマネージャー・フラージュ': 3, 'ダークメタル・バイコーン': 3, '炎術検定A級': 2, 'ブリリアントカット': 3, '越光の六銘伝・マナ': 3, '干絶の飢餓・ギルネリーゼ': 3, 'ジュエリーバウンサー': 3, 'ダイナマイト・ジャグラー': 3, '魔汚区役所職員・災藤': 3, 'ミストレス・ハリケーン': 2, '密かなる商談': 3, 'マギスの魔導師': 3}
2026-02-22	ナイトメア	1	28	3T4ZA	1467062	{'愛絶の崇拝者': 1, '欲望の信者': 3, '紅のワルツ': 3, '憎悪する愛絶': 3, '欲望の翼': 3, '鮮血の首飾り': 3, '愛絶の欲望・ヴァーナレク': 3, '干絶の飢餓・ギルネリーゼ': 3, 'クリムゾンウォー・ラウラ': 3, '欲望の隠者': 3, '欲望の狂信者': 3, '欲望の絶傑・ヴァーナレク': 3, 'クラッシュデビル・デモニア': 3, '終幕の吸血鬼・ユリアス': 3}
2026-02-22	エルフ	2	28	1A5GU	1467062	{'アクティブエルフ・メイ': 2, 'コッコロ': 2, '深緑の弓使い・アリサ': 3, '小さな勇士・スクナ': 3, 'ピュアクリスタリア・リリィ': 2, '優美な猫姉妹・シャム＆シャマ': 3, '自然の導き': 3, '対空射撃': 3, '爆砕の傭兵・フィーナ': 3, '不思議な青空・アリス': 3, 'マドロスエルフ': 3, '〔渚の花嫁〕新田美波': 3, '迸る光明・アポロン': 3, '凍土の女王・ピアシィ': 2, 'アナスタシア': 2}
2026-02-22	ナイトメア	3	28	52WRS	1467062	{'ストレイホロウ・イルガンノ': 3, 'ソウルガイド・エイミー': 3, '友魂の少女・ルナ': 3, 'デッドペナルティ': 3, '憧れの飛躍・イツルギ': 3, 'ゴールドラッシュゴースト': 3, '死期を視るもの・グレモリー': 3, '異形': 3, '大ツルハシの骸': 2, '佰死と佰亡の六銘伝・イルゼ＆ウルゼ': 3, '瞑地の天宮・ムカン': 2, '人外魔境・クリストフ': 3, '奔放なる獄炎・ケルベロス': 3, 'カオスルーラー・アイシィレンドリング': 1, 'ブラックスワン・オディール': 2}
2026-02-22	エルフ	4	28	7U4WY	1467062	{'オケアノス': 2, '区役所の丙種職員': 3, '樹律の祈り子': 2, '炎術検定A級': 3, '新約都市・透京': 3, '樹権の剪定者': 3, '樹正の木鐸・キョウ': 3, '樹都の拳士': 3, '魔汚区役所職員・災藤': 3, '揺蕩う意志・スピネ': 2, 'アークエンジェル・レイナ': 3, '浄樹の六銘伝・ロロ・ロニエ': 3, '凍土の女王・ピアシィ': 3, '因芽応報': 1, '浄土蒔植': 3}
2026-02-22	プリンセスコネクト！Re:Dive	5	28	1NRJ8	1467062	{'オーロラヒーリング': 3, 'コールオブギルド': 3, 'クロエ': 3, 'シェフィ': 3, 'チエル': 3, 'マホ': 1, '真理と実存の共同幻想': 2, 'ダークエクリプス': 3, 'ちぇるちぇる☆かあにばる': 3, 'ペコリーヌ': 2, 'いつか、また会う未来で': 3, 'エリス': 3, 'キャル': 2, 'サレン': 1, 'ホマレ': 2, 'ユニ': 3}
2026-02-22	ナイトメア	6	28	4FCKA	1467062	{'ストレイホロウ・イルガンノ': 3, 'ソウルガイド・エイミー': 3, '友魂の少女・ルナ': 3, 'デッドペナルティ': 3, '憧れの飛躍・イツルギ': 3, 'ゴールドラッシュゴースト': 2, '死期を視るもの・グレモリー': 3, '夢のささやき': 1, '異形': 3, '大ツルハシの骸': 2, '佰死と佰亡の六銘伝・イルゼ＆ウルゼ': 3, '瞑地の天宮・ムカン': 2, '人外魔境・クリストフ': 3, '奔放なる獄炎・ケルベロス': 3, 'カオスルーラー・アイシィレンドリング': 1, 'ブラックスワン・オディール': 2}
2026-02-22	プリンセスコネクト！Re:Dive	7	28	3W3BE	1467062	{'コッコロ': 3, 'コールオブギルド': 3, 'イノリ': 3, 'クロエ': 3, 'シェフィ': 3, 'チエル': 3, 'ムイミ': 3, '真理と実存の共同幻想': 2, 'ちぇるちぇる☆かあにばる': 3, 'いつか、また会う未来で': 3, 'ホマレ': 3, 'ユニ': 3, 'カヤ': 2, 'プリンセスナイト': 3}
2026-02-22	ドラゴン	8	28	1T33S	1467062	{'侮蔑の隠者': 3, '灯火の烈絶': 3, '侮蔑の炎爪': 3, '侮蔑の嘲笑': 2, '干絶の飢餓・ギルネリーゼ': 3, '侮蔑の狂信者': 3, '侮蔑の従者': 3, '覇極': 3, '竜の託宣': 3, '侮蔑の使徒': 2, '烈絶の崇拝者': 3, 'いつか、また会う未来で': 3, '侮蔑の絶傑・ガルミーユ': 3, '烈絶の侮蔑・ガルミーユ': 3}
2026-02-22	ナイトメア	1	15	3C5EC	1469466	{'マンマル1号': 3, 'メカニカルガンナー': 3, '紅のワルツ': 3, '鋼鉄の希望': 3, 'デッドペナルティ': 2, 'ファースト・ワン': 3, '永続の機構・ニコラ': 2, '真紅の抗戦者・モノ': 3, '創出の紫紺・エンネア': 3, 'フロートボードマーセナリー': 3, 'マンマル2号': 3, '禁絶の腕・ニコラ': 3, '悠久の真紅・モノ': 3, '紫紺の抵抗者・エンネア': 1, '絆の共振': 2}
2026-02-22	ウィッチ	2	15	7REE4	1469466	{'機械兵': 3, 'メカニカルガンナー': 3, '叡智の結実': 3, 'ソニック・フォー': 3, '清澄の蒼・テトラ': 3, 'フロートボードマーセナリー': 3, 'マシンブックソーサラー': 3, '蒼の反逆者・テトラ': 3, '大型機械兵': 2, '結束の魔術': 3, '戦慄の侵略': 3, '極致の創造主・ベルフォメット': 3, '機械神': 1, '天地の侵略者・ベルフォメット': 3, 'アイアロンの支配者・ベルフォメット': 1}
2026-02-22	ナイトメア	3	15	6UHWG	1469466	{'ストレイホロウ・イルガンノ': 3, 'ソウルガイド・エイミー': 3, '友魂の少女・ルナ': 3, 'ソウルコンバージョン': 1, 'デッドペナルティ': 3, '憧れの飛躍・イツルギ': 3, 'ゴールドラッシュゴースト': 2, '死期を視るもの・グレモリー': 3, '異形': 3, '大ツルハシの骸': 2, '佰死と佰亡の六銘伝・イルゼ＆ウルゼ': 2, '瞑地の天宮・ムカン': 3, '人外魔境・クリストフ': 3, '奔放なる獄炎・ケルベロス': 3, 'カオスルーラー・アイシィレンドリング': 1, 'ブラックスワン・オディール': 2}
2026-02-22	エルフ	4	15	2XJLU	1469466	{'区役所の丙種職員': 2, '樹律の祈り子': 2, 'ベルエンジェル・リア': 3, '炎術検定A級': 2, '自然の導き': 2, 'むつらの刻印': 1, '新約都市・透京': 3, '樹権の剪定者': 3, '樹正の木鐸・キョウ': 3, '樹都の拳士': 2, '魔汚区役所職員・災藤': 3, '揺蕩う意志・スピネ': 3, 'アークエンジェル・レイナ': 3, '浄樹の六銘伝・ロロ・ロニエ': 3, '凍土の女王・ピアシィ': 3, '浄土蒔植': 2}
2026-02-22	プリンセスコネクト！Re:Dive	5	15	1F096	1469466	{'オーロラヒーリング': 3, 'コールオブギルド': 3, 'クロエ': 3, 'シェフィ': 3, 'チエル': 3, 'マホ': 2, '真理と実存の共同幻想': 2, 'ダークエクリプス': 3, 'ちぇるちぇる☆かあにばる': 2, 'ペコリーヌ': 2, 'ユキ': 1, 'いつか、また会う未来で': 3, 'プリンセスストライク': 2, 'エリス': 3, 'キャル': 2, 'ユニ': 3}
2026-02-22	ドラゴン	6	15	33UVE	1469466	{'天威のドラグーン': 3, '艶麗なる竜人・マリオン': 2, '干絶の飢餓・ギルネリーゼ': 2, 'ドラゴニックコール': 1, '迸る光明・アポロン': 3, '竜巫女の儀式': 1, 'オーブキャンサー': 3, '灼熱のアナテマ・バーンドナイト': 3, '蒼炎のドラゴニュート': 3, '荒波のドラグーン・ザハール': 3, '邪智の竜・ファフニール': 2, '《正義》・イランツァ': 2, 'パンプキンドラゴン': 3, '猛火のティラノサウルス': 3, 'オラクルドラゴン': 3, '竜喰らう禁忌': 3}
2026-02-22	ナイトメア	7	15	1685E	1469466	{'友魂の少女・ルナ': 3, '憧れの飛躍・イツルギ': 3, '一刀の幽鬼・カゲロウ': 2, '齧りの鼠': 3, '死期を視るもの・グレモリー': 3, 'ブラッドロード・ユヅキ': 3, '葬りの狼・ヴェッド': 3, '貪りの蛇': 2, '魂の一刀': 1, '沈黙の詩': 3, '轟': 3, '光の道筋': 2, '佰死の三日月': 3, '沈黙の絶傑・ルルナイ': 3, '佰死と佰亡の六銘伝・イルゼ＆ウルゼ': 3}
2026-02-22	ウマ娘 プリティーダービー	8	15	1DFXA	1469466	{'見習い魔女と長い夜': 3, 'その背中を越えて': 3, 'ジャングルポケット': 2, 'おどれ・さわげ・フェスれ！': 3, 'Balliamo?': 1, 'ネオユニヴァース': 3, 'ミホノブルボン': 3, '〔一粒の安らぎ〕スーパークリーク': 3, 'ミスターシービー': 3, 'カツラギエース': 3, 'ジェンティルドンナ': 3, 'マチカネフクキタル': 1, 'ゴールドシップ': 3, 'ナリタブライアン': 1, '紡がれてゆく想い': 2}
2026-02-22	ナイトメア	1	15	2MW9E	1469468	{'ストレイホロウ・イルガンノ': 3, 'ソウルガイド・エイミー': 2, '友魂の少女・ルナ': 3, 'デッドペナルティ': 3, '憧れの飛躍・イツルギ': 3, 'ゴールドラッシュゴースト': 2, '死期を視るもの・グレモリー': 3, '幽霊支配人・アーカス': 2, '異形': 3, '大ツルハシの骸': 2, '佰死と佰亡の六銘伝・イルゼ＆ウルゼ': 3, '瞑地の天宮・ムカン': 2, '人外魔境・クリストフ': 3, '奔放なる獄炎・ケルベロス': 3, 'カオスルーラー・アイシィレンドリング': 1, 'ブラックスワン・オディール': 2}
2026-02-22	ビショップ	2	15	3TBT6	1469468	{'ベルエンジェル・リア': 3, 'ダークオファリング': 3, '悠久の絶望': 3, '干絶の飢餓・ギルネリーゼ': 3, '射殺す輝き': 3, '漆黒の法典': 3, '純白の祭壇': 2, '信仰の一撃': 3, '天使の恩寵': 3, '古き護り手': 1, '絶望の安息・マーウィン': 3, '伝道の司祭・ロレーナ': 3, '《世界》・ゼルガネイア': 2, 'テミスの審判': 3, '永久の盾・シオン': 2}
2026-02-22	プリンセスコネクト！Re:Dive	3	15	4L504	1469468	{'コッコロ': 2, 'オーロラヒーリング': 2, 'コールオブギルド': 3, 'クロエ': 3, 'シェフィ': 3, 'チエル': 3, 'マホ': 1, '真理と実存の共同幻想': 2, 'ダークエクリプス': 3, 'ちぇるちぇる☆かあにばる': 3, 'ペコリーヌ': 2, 'いつか、また会う未来で': 3, 'エリス': 3, 'キャル': 2, 'サレン': 2, 'ユニ': 3}
2026-02-22	ロイヤル	4	15	6CA1S	1469468	{'ばーくがる': 3, 'ベルエンジェル・リア': 3, 'ベルエンジェル': 3, '思わぬ躓き': 3, '反転する翼': 3, 'フォーリンショット': 3, '天使の泉': 3, 'グランスエンジェル': 3, '恒久の天使': 1, '天界の尖兵': 3, '天使の恩寵': 3, 'コラプションガーディアン': 2, 'スパルタクス': 3, '勇壮の堕天使・オリヴィエ': 3, 'ルシフェル': 1}
2026-02-22	ナイトメア	5	15	15QE0	1469468	{'マンマル1号': 3, 'メカニカルガンナー': 3, '紅のワルツ': 3, '鋼鉄の希望': 3, 'デッドペナルティ': 2, 'ファースト・ワン': 3, '永続の機構・ニコラ': 2, '真紅の抗戦者・モノ': 3, '創出の紫紺・エンネア': 3, 'フロートボードマーセナリー': 3, 'マンマル2号': 3, '禁絶の腕・ニコラ': 3, '悠久の真紅・モノ': 3, '紫紺の抵抗者・エンネア': 1, '絆の共振': 2}
2026-02-22	ドラゴン	6	15	51LRN	1469468	{'電爪の帰宅部員': 3, '朱翼の入学祝': 3, '竜殺しの槍': 2, '炎髄の副会長・テンカ': 3, '彩尾の風紀委員': 3, 'ストライクドラグーン': 3, '大地のドラゴニュート': 3, '暴竜・伊達政宗': 3, '壊竜の六銘伝・エル': 3, '気高き雷・ロマロニア': 3, '殺竜騎士・ロイ': 2, '竜槍の戦士・ローウェン': 3, '炎柱の竜人': 3, '白亜の竜騎士': 3}
2026-02-22	ロイヤル	7	15	5AFY0	1469468	{'ワンダーコック': 3, '思わぬ躓き': 3, '輝ける剣撃': 3, '荒野の休息': 3, 'ブレイブ・マナ': 3, 'ハルバードウルフ': 3, 'フォックスランサー': 3, '光の道筋': 3, '王たる光・ベイリオン': 3, '王の一閃': 3, '陽だまりの邂逅': 3, '光耀の標・ミストリナ＆ベイリオン': 1, '鋼鉄と大地の神': 3, 'スパルタクス': 3}
2026-02-22	エルフ	8	15	2EL1J	1469468	{'区役所の丙種職員': 2, '樹律の祈り子': 2, 'ベルエンジェル・リア': 3, '炎術検定A級': 2, '自然の導き': 2, 'むつらの刻印': 1, '新約都市・透京': 3, '樹権の剪定者': 3, '樹正の木鐸・キョウ': 3, '樹都の拳士': 2, '魔汚区役所職員・災藤': 3, '揺蕩う意志・スピネ': 3, 'アークエンジェル・レイナ': 3, '浄樹の六銘伝・ロロ・ロニエ': 3, '凍土の女王・ピアシィ': 3, '浄土蒔植': 2}
2026-02-22	ウィッチ	1	21	4AWRE	1470432	{'機械兵': 3, 'メカニカルガンナー': 3, '叡智の結実': 3, 'ソニック・フォー': 3, '清澄の蒼・テトラ': 3, 'フロートボードマーセナリー': 3, 'マシンブックソーサラー': 3, '蒼の反逆者・テトラ': 3, '大型機械兵': 2, '結束の魔術': 3, '戦慄の侵略': 3, '極致の創造主・ベルフォメット': 3, '機械神': 1, '天地の侵略者・ベルフォメット': 3, 'アイアロンの支配者・ベルフォメット': 1}
2026-02-22	ロイヤル	2	21	4U6DA	1470432	{'盗賊の乱飛': 3, '値引き交渉': 3, '楽園への来訪': 3, '艶やかなる太夫・ギンネ': 3, '月の刃・リオード': 3, '照明の案内人': 3, '帳場ガエル': 3, '華の大将・タケツミ': 3, '簒奪の蛇剣': 2, '達人の芸者': 3, '伊達の大見得': 3, 'カースドクイーン・ナハト・ナハト': 3, '天下の大泥棒・ジエモン': 3, 'ジェンティルドンナ': 2}
2026-02-22	エルフ	3	21	7L8E8	1470432	{'オケアノス': 2, '区役所の丙種職員': 3, '樹律の祈り子': 2, '炎術検定A級': 2, '新約都市・透京': 3, '樹権の剪定者': 3, '樹正の木鐸・キョウ': 3, '樹都の拳士': 3, '魔汚区役所職員・災藤': 3, '歪なる進歩': 2, '揺蕩う意志・スピネ': 2, 'アークエンジェル・レイナ': 3, '浄樹の六銘伝・ロロ・ロニエ': 3, '凍土の女王・ピアシィ': 3, '浄土蒔植': 3}
2026-02-22	プリンセスコネクト！Re:Dive	4	21	4T7YG	1470432	{'クローチェ': 3, 'ユイ': 3, '羅刹涅槃・無式': 2, 'オーロラヒーリング': 2, 'イノリ': 3, 'ヴルム': 2, 'シェフィ': 2, 'チエル': 3, 'ムイミ': 3, 'リンド': 3, 'いつか、また会う未来で': 3, 'エリス': 2, 'ホマレ': 3, 'カヤ': 2, 'カイザーインサイト': 1, 'ライラエル': 3}
2026-02-22	ロイヤル	5	21	5YQ0L	1470432	{'劇的な撤退': 1, '区役所の丙種職員': 3, '死角の観測員': 3, '異端の調査協力': 3, '炎術検定A級': 3, '戦技斬刀': 3, 'ギガブレード': 3, '新約都市・透京': 1, '隘路の調査員': 3, '魔汚区役所職員・災藤': 3, 'ロストサムライ・カゲミツ': 3, '簒奪の信者': 2, '全識の六銘伝・シンラ': 3, 'ワイルドメディエーター・ガンマ': 3, '俯瞰の捜査員': 3}
2026-02-22	プリンセスコネクト！Re:Dive	6	21	57FGC	1470432	{'アネモネ': 3, 'クローチェ': 3, 'コッコロ': 3, 'ヴルム': 3, 'クルル': 2, 'シェフィ': 3, 'マホ': 3, 'ムイミ': 3, 'リンド': 2, 'ペコリーヌ': 3, 'エリス': 3, 'サレン': 3, 'ホマレ': 3, 'ライラエル': 3}
2026-02-22	ナイトメア	7	21	2SGPE	1470432	{'ストレイホロウ・イルガンノ': 3, 'ソウルガイド・エイミー': 2, '友魂の少女・ルナ': 3, 'デッドペナルティ': 3, '憧れの飛躍・イツルギ': 3, 'ゴールドラッシュゴースト': 2, '死期を視るもの・グレモリー': 2, '幽霊支配人・アーカス': 2, '異形': 3, '大ツルハシの骸': 2, '佰死と佰亡の六銘伝・イルゼ＆ウルゼ': 3, '瞑地の天宮・ムカン': 2, '人外魔境・クリストフ': 3, '奔放なる獄炎・ケルベロス': 3, 'カオスルーラー・アイシィレンドリング': 2, 'ブラックスワン・オディール': 2}
2026-02-22	エルフ	8	21	618BA	1470432	{'自然の妖精姫・アリア': 3, '純粋なるウォーターフェアリー': 3, '重なり合う決意': 2, '妖精の奔流': 1, '妖精の石碑': 2, 'フェアリードラゴン': 3, 'フェアリーブレイダー・アマツ': 3, 'フォレストフェアリー': 3, 'ブレスフェアリーダンサー': 3, '妖精の弓使い': 3, 'リバースブレイダー・アマツ': 3, 'ティターニアの妖精郷': 1, 'ワンダーツリー': 1, '瘴気の妖精姫・アリア': 3, '凍土の女王・ピアシィ': 3, 'クイーンセイバー・シンシア': 3}
2026-02-22	プリンセスコネクト！Re:Dive	1	12	3UAGU	1470900	{'オーロラヒーリング': 3, 'コールオブギルド': 3, 'クロエ': 3, 'シェフィ': 3, 'チエル': 3, 'マホ': 1, '真理と実存の共同幻想': 3, 'ダークエクリプス': 3, 'ちぇるちぇる☆かあにばる': 3, 'ペコリーヌ': 2, 'いつか、また会う未来で': 3, 'エリス': 3, 'キャル': 2, 'サレン': 2, 'ユニ': 3}
2026-02-22	ナイトメア	2	12	2K2JY	1470900	{'ストレイホロウ・イルガンノ': 3, 'ソウルガイド・エイミー': 2, '友魂の少女・ルナ': 3, 'デッドペナルティ': 3, '憧れの飛躍・イツルギ': 3, 'ゴールドラッシュゴースト': 2, '死期を視るもの・グレモリー': 3, '幽霊支配人・アーカス': 2, '異形': 3, '大ツルハシの骸': 2, '佰死と佰亡の六銘伝・イルゼ＆ウルゼ': 3, '瞑地の天宮・ムカン': 1, '人外魔境・クリストフ': 3, '奔放なる獄炎・ケルベロス': 3, 'カオスルーラー・アイシィレンドリング': 2, 'ブラックスワン・オディール': 2}
2026-02-22	ナイトメア	3	12	UKJN	1470900	{'ストレイホロウ・イルガンノ': 3, '友魂の少女・ルナ': 3, 'ソウルコンバージョン': 2, 'デッドペナルティ': 3, '憧れの飛躍・イツルギ': 3, 'ゴールドラッシュゴースト': 3, '死期を視るもの・グレモリー': 1, '幽霊支配人・アーカス': 3, '異形': 3, '大ツルハシの骸': 1, '佰死と佰亡の六銘伝・イルゼ＆ウルゼ': 2, '瞑地の天宮・ムカン': 3, '人外魔境・クリストフ': 3, '奔放なる獄炎・ケルベロス': 3, 'カオスルーラー・アイシィレンドリング': 2, 'ブラックスワン・オディール': 2}
2026-02-22	ビショップ	4	12	6HVBW	1470900	{'〔月下の悪魔ちゃん♪〕メジロパーマー': 3, '剛健の翼人': 2, '三日月の女神 ツクヨミ': 3, '極炎のドラグーン・ローラ': 3, '絶望の聖女・ジャンヌ': 3, '不思議な青空・アリス': 3, '闇穿つ煌き・サリッサ': 3, 'リボルバーイーグル': 2, 'ルナールの聖騎士': 3, 'ヘイブンファイア': 3, '希望導く聖乙女・ジャンヌ': 3, '迸る光明・アポロン': 3, 'メルティングシュガー・セリーナ': 3, 'デュアルカノンマザー・ラナ': 3}
2026-02-22	プリンセスコネクト！Re:Dive	5	12	747S0	1470900	{'アオイ': 2, 'アネモネ': 3, 'エリコ': 3, 'コッコロ': 3, 'タマキ': 3, 'ミサキ': 2, 'ラビリスタ': 3, 'コールオブギルド': 2, 'イリヤ': 1, 'クウカ': 2, 'トモ': 3, 'ネビア': 3, 'マホ': 2, 'エリス': 3, 'ランファ': 2, 'クリスティーナ': 2, 'ネフィ＝ネラ': 3}
2026-02-22	エルフ	6	12	2BZ7W	1470900	{'アクティブエルフ・メイ': 3, 'コッコロ': 2, '深緑の弓使い・アリサ': 3, '小さな勇士・スクナ': 3, 'ピュアクリスタリア・リリィ': 1, '優美な猫姉妹・シャム＆シャマ': 3, '自然の導き': 2, '対空射撃': 3, '爆砕の傭兵・フィーナ': 3, '不思議な青空・アリス': 3, 'マドロスエルフ': 3, 'ロイヤルクリスタリア・ティア': 2, '〔渚の花嫁〕新田美波': 3, 'フロストクリスタリア・エリン': 2, '凍土の女王・ピアシィ': 2, '〔よくばりサニーバカンス〕アナスタシア': 2}
2026-02-22	ビショップ	7	12	1YFYC	1470900	{'ベルエンジェル・リア': 3, 'ダークオファリング': 3, '悠久の絶望': 3, '干絶の飢餓・ギルネリーゼ': 2, '鋼刃の暗器使い': 2, '射殺す輝き': 3, '漆黒の法典': 3, '迸る光明・アポロン': 3, '信仰の一撃': 3, '天使の恩寵': 3, '古き護り手': 1, '絶望の安息・マーウィン': 3, '伝道の司祭・ロレーナ': 3, '《世界》・ゼルガネイア': 2, 'テミスの審判': 3}
2026-02-22	プリンセスコネクト！Re:Dive	8	12	20CKN	1470900	{'オーロラヒーリング': 3, 'コールオブギルド': 3, 'イリヤ': 1, 'クロエ': 3, 'シェフィ': 3, 'チエル': 3, 'マホ': 1, '真理と実存の共同幻想': 2, 'ダークエクリプス': 3, 'ちぇるちぇる☆かあにばる': 3, 'ペコリーヌ': 2, 'いつか、また会う未来で': 3, 'エリス': 3, 'キャル': 2, 'ランファ＆ミソラ': 1, 'サレン': 1, 'ユニ': 3}
2026-02-22	ビショップ	1	13	4LUJ0	1472862	{'デバイスチューナー': 3, 'デュアルエンジェル': 2, 'メカニカルガンナー': 3, 'セイント・コア': 3, '機械鞭の僧侶': 3, '極炎のドラグーン・ローラ': 3, '鉄腕の修道女': 3, 'フロートボードマーセナリー': 1, 'マシンファルコン': 3, 'ロボティクスユーザー': 1, '機構の解放': 3, 'リモニウムの救済': 2, '欠落の聖女・リモニウム': 3, 'オートマティックメイデン': 3, 'マシンフィンガー・イヴィル': 3, '百機王・グライアス': 1}
2026-02-22	ドラゴン	2	13	69NRW	1472862	{'天威のドラグーン': 3, '艶麗なる竜人・マリオン': 3, '干絶の飢餓・ギルネリーゼ': 3, 'ドラゴニックコール': 3, '竜の託宣': 2, '竜巫女の儀式': 1, 'オーブキャンサー': 3, '灼熱のアナテマ・バーンドナイト': 3, '蒼炎のドラゴニュート': 3, '《正義》・イランツァ': 2, '荒波のドラグーン・ザハール': 3, '邪智の竜・ファフニール': 2, 'パンプキンドラゴン': 3, '猛火のティラノサウルス': 3, '竜喰らう禁忌': 3}
2026-02-22	ナイトメア	3	13	5SLUL	1472862	
2026-02-22	プリンセスコネクト！Re:Dive	4	13	7K4U4	1472862	{'オーロラヒーリング': 3, 'コールオブギルド': 3, 'キョウカ': 3, 'クロエ': 3, 'チエル': 3, 'ムイミ': 3, '真理と実存の共同幻想': 2, 'ダークエクリプス': 3, 'ちぇるちぇる☆かあにばる': 3, 'ペコリーヌ': 3, 'いつか、また会う未来で': 3, 'エリス': 3, 'キャル': 2, 'ユニ': 3}
2026-02-22	ビショップ	5	13	6R5G8	1472862	{'〔月下の悪魔ちゃん♪〕メジロパーマー': 3, '自由なる冒険者': 2, 'ダーティプリースト': 1, '極炎のドラグーン・ローラ': 3, '絶望の聖女・ジャンヌ': 3, '不思議な青空・アリス': 2, '森の参謀・ムニャール': 2, '闇穿つ煌き・サリッサ': 3, 'リボルバーイーグル': 3, 'ルナールの聖騎士': 3, 'ヘイブンファイア': 3, '希望導く聖乙女・ジャンヌ': 3, '迸る光明・アポロン': 2, 'メルティングシュガー・セリーナ': 3, '双砲の神罰・アンヴェルト': 1, 'デュアルカノンマザー・ラナ': 3}
2026-02-22	ナイトメア	6	13	5RPC8	1472862	{'ソウルガイド・エイミー': 3, 'ベルエンジェル・リア': 3, '欲望の信者': 3, '憎悪する愛絶': 2, '欲望の翼': 3, '鮮血の首飾り': 3, '愛絶の欲望・ヴァーナレク': 3, '干絶の飢餓・ギルネリーゼ': 3, 'クリムゾンウォー・ラウラ': 1, '欲望の隠者': 2, '欲望の狂信者': 3, '欲望の絶傑・ヴァーナレク': 3, 'クラッシュデビル・デモニア': 3, '終幕の吸血鬼・ユリアス': 3, '魔剣の騎士・ハザン': 2}
2026-02-22	プリンセスコネクト！Re:Dive	7	13	3RMLG	1472862	{'羅刹涅槃・無式': 1, 'オーロラヒーリング': 3, 'コールオブギルド': 3, 'キョウカ': 2, 'クロエ': 3, 'シェフィ': 2, 'チエル': 3, '真理と実存の共同幻想': 2, 'ダークエクリプス': 3, 'ちぇるちぇる☆かあにばる': 3, 'ユキ': 2, 'いつか、また会う未来で': 3, 'エリス': 3, 'キャル': 3, 'サレン': 1, 'ユニ': 3}
2026-02-22	ロイヤル	8	13	7K5ZW	1472862	{'盗賊の乱飛': 3, '値引き交渉': 3, '楽園への来訪': 3, '艶やかなる太夫・ギンネ': 3, '照明の案内人': 3, '帳場ガエル': 3, '華の大将・タケツミ': 3, '簒奪の信者': 3, '達人の芸者': 3, '伊達の大見得': 2, 'カースドクイーン・ナハト・ナハト': 2, 'ダークセイバー・メリッサ': 2, '天下の大泥棒・ジエモン': 3, 'レヴィオンの迅雷・アルベール': 1, 'ジェンティルドンナ': 3}
2026-02-22	プリンセスコネクト！Re:Dive	1	21	6JEPG	1475236	{'オーロラヒーリング': 3, 'コールオブギルド': 3, 'イリヤ': 1, 'クロエ': 3, 'シェフィ': 2, 'チエル': 3, 'マホ': 3, '真理と実存の共同幻想': 3, 'ダークエクリプス': 3, 'ちぇるちぇる☆かあにばる': 3, 'ユキ': 2, 'いつか、また会う未来で': 3, 'エリス': 3, 'キャル': 2, 'ユニ': 3}
2026-02-22	ロイヤル	2	21	3ZLN4	1475236	{'ばーくがる': 3, 'ベルエンジェル・リア': 3, 'ベルエンジェル': 3, '反転する翼': 3, 'フォーリンショット': 3, 'グランスエンジェル': 3, '粛清の英雄・メイシア': 3, '迫る熱に押されて': 3, '天界の尖兵': 3, '粛清の一刀': 3, '天使の恩寵': 2, 'カースドクイーン・ナハト・ナハト': 3, 'コラプションガーディアン': 2, '勇壮の堕天使・オリヴィエ': 3}
2026-02-22	ロイヤル	3	21	6XMK6	1475236	{'アヴァリティア': 3, '鮮やかな奪取': 3, '極意たる空絶': 3, 'アサルトバンデッド': 3, 'アルセーヌ・ルパン': 3, '干絶の飢餓・ギルネリーゼ': 3, '簒奪の絶傑・オクトリス': 3, '月の刃・リオード': 3, '簒奪の蛇剣': 3, '真理の騎士 ゴードン': 3, '空絶の簒奪・オクトリス': 3, 'カースドクイーン・ナハト・ナハト': 2, 'ダークセイバー・メリッサ': 2, 'ジェンティルドンナ': 3}
2026-02-22	ドラゴン	4	21	4EACC	1475236	{'天威のドラグーン': 3, '艶麗なる竜人・マリオン': 3, 'ドラゴニックコール': 3, '迸る光明・アポロン': 3, '竜巫女の儀式': 1, '雲海の騎竜兵': 2, 'オーブキャンサー': 3, '灼熱のアナテマ・バーンドナイト': 3, '蒼炎のドラゴニュート': 3, '《正義》・イランツァ': 2, '荒波のドラグーン・ザハール': 3, '邪智の竜・ファフニール': 2, 'パンプキンドラゴン': 3, '猛火のティラノサウルス': 3, '竜喰らう禁忌': 3}
2026-02-22	ロイヤル	5	21	40WCG	1475236	{'キャットアドミラル': 3, '刹那のクイックブレイダー': 2, '粗暴な豪剣士': 3, '空の指揮官・セリア': 3, 'ナハトの私兵': 3, 'アウトローガンナー': 3, 'アストロウィング・ララミア': 3, '音速の機構・ララミア': 3, '忠義の剣士・エリカ': 3, '白銀の騎士団長・エミリア': 3, '神速の歩法': 1, '《戦車》・オルオーン': 3, '迸る光明・アポロン': 1, 'カースドクイーン・ナハト・ナハト': 3, '晴天の銀騎士・エミリア': 1, 'ダークセイバー・メリッサ': 2}
2026-02-22	エルフ	6	21	7GCEG	1475236	{'オケアノス': 2, '区役所の丙種職員': 3, '樹律の祈り子': 2, '炎術検定A級': 2, '新約都市・透京': 3, '樹権の剪定者': 3, '樹正の木鐸・キョウ': 3, '樹都の拳士': 2, '魔汚区役所職員・災藤': 3, '歪なる進歩': 2, '揺蕩う意志・スピネ': 2, 'アークエンジェル・レイナ': 3, '浄樹の六銘伝・ロロ・ロニエ': 3, '凍土の女王・ピアシィ': 3, '因芽応報': 1, '浄土蒔植': 2, '帥忍部長・煤木万裁': 1}
2026-02-22	エルフ	7	21	7L5VA	1475236	{'アクティブエルフ・メイ': 1, 'コッコロ': 3, '深緑の弓使い・アリサ': 3, '小さな勇士・スクナ': 3, 'ピュアクリスタリア・リリィ': 1, '優美な猫姉妹・シャム＆シャマ': 3, '自然の導き': 2, '対空射撃': 3, '爆砕の傭兵・フィーナ': 3, '不思議な青空・アリス': 3, 'マドロスエルフ': 3, 'ロイヤルクリスタリア・ティア': 3, '〔女神は朝焼けの海に〕新田美波': 3, '迸る光明・アポロン': 3, '凍土の女王・ピアシィ': 1, 'アナスタシア': 2}
2026-02-22	ドラゴン	8	21	20E1S	1475236	{'銀氷のドラゴニュート・フィルレイン': 3, '自由なる冒険者': 3, '竜炎の設計士': 3, 'レヴィールの無法者': 3, 'シェフィ': 3, 'ストライクドラグーン': 3, '竜才の寵児・ニルル': 3, '竜人の工匠': 3, '燎火のレンチスミス': 3, '銀氷の吐息': 3, '竜の誕生': 3, '烈覇のアルチザン・レジー': 3, 'いつか、また会う未来で': 2, 'ダークドラグーン・フォルテ': 2}
2026-02-22	ナイトメア	1	9	566G4	1480490	{'マンマル1号': 3, 'メカニカルガンナー': 3, '紅のワルツ': 3, '鋼鉄の希望': 3, 'デッドペナルティ': 2, 'ファースト・ワン': 3, '永続の機構・ニコラ': 2, '真紅の抗戦者・モノ': 3, '創出の紫紺・エンネア': 3, 'フロートボードマーセナリー': 3, 'マンマル2号': 3, '禁絶の腕・ニコラ': 3, '悠久の真紅・モノ': 3, '紫紺の抵抗者・エンネア': 1, '絆の共振': 2}
2026-02-22	ドラゴン	2	9	6ZHKA	1480490	{'電爪の帰宅部員': 2, '朱翼の入学祝': 3, '竜殺しの槍': 1, '炎髄の副会長・テンカ': 3, '彩尾の風紀委員': 2, '大地のドラゴニュート': 2, '暴竜・伊達政宗': 3, '竜の託宣': 3, '壊竜の六銘伝・エル': 3, '気高き雷・ロマロニア': 2, '殺竜騎士・ロイ': 2, '竜槍の戦士・ローウェン': 3, '炎柱の竜人': 3, '焦熱の竜翼・ドラーク': 3, 'ダークドラグーン・フォルテ': 2, '白亜の竜騎士': 3}
2026-02-22	プリンセスコネクト！Re:Dive	3	9	5M3YY	1480490	{'オーロラヒーリング': 3, 'コールオブギルド': 3, 'クロエ': 3, 'チエル': 3, 'マホ': 1, '真理と実存の共同幻想': 3, 'ダークエクリプス': 3, 'ちぇるちぇる☆かあにばる': 3, 'ペコリーヌ': 3, 'いつか、また会う未来で': 3, 'プリンセスストライク': 2, 'エリス': 3, 'キャル': 3, 'ユニ': 3, 'ミソラ': 1}
2026-02-22	ウマ娘 プリティーダービー	4	9	6VCPJ	1480490	{'〔月下の悪魔ちゃん♪〕メジロパーマー': 1, 'サクラバクシンオー': 3, 'マヤノトップガン': 3, 'マンハッタンカフェ': 1, '世界にもっと☆マーベラス': 3, 'その背中を越えて': 3, '〔うららか・ぱっしょん♪〕ハルウララ': 3, '〔Escorte étoile〕シリウスシンボリ': 3, 'ジャングルポケット': 3, 'シュヴァルグラン': 3, '〔マチタン☆アドベンチャー〕マチカネタンホイザ': 3, 'ホッコータルマエ': 3, '〔桃色のバックショット〕ナリタトップロード': 2, 'カツラギエース': 3, 'サウンズオブアース': 3}
2026-02-22	ドラゴン	5	9	4K9TS	1480490	{'電爪の帰宅部員': 2, '朱翼の入学祝': 3, '竜殺しの槍': 2, '炎髄の副会長・テンカ': 3, '彩尾の風紀委員': 2, '大地のドラゴニュート': 2, '暴竜・伊達政宗': 3, '爆炎の咆哮': 1, '竜の託宣': 3, '壊竜の六銘伝・エル': 3, '気高き雷・ロマロニア': 2, '殺竜騎士・ロイ': 2, '竜槍の戦士・ローウェン': 3, '炎柱の竜人': 3, '焦熱の竜翼・ドラーク': 3, '白亜の竜騎士': 3}
2026-02-22	プリンセスコネクト！Re:Dive	6	9	5T7RJ	1480490	{'クローチェ': 3, 'コールオブギルド': 3, 'イノリ': 3, 'ヴルム': 2, 'シェフィ': 3, 'スズメ': 2, 'ムイミ': 3, 'リンド': 2, 'ペコリーヌ': 3, 'いつか、また会う未来で': 3, 'エリス': 3, 'サレン': 3, 'ホマレ': 3, 'カヤ': 3, 'ライラエル': 2}
2026-02-22	エルフ	7	9	2Z24Q	1480490	{'コッコロ': 2, '深緑の弓使い・アリサ': 3, '小さな勇士・スクナ': 3, 'ピュアクリスタリア・リリィ': 2, '優美な猫姉妹・シャム＆シャマ': 3, '自然の導き': 3, '対空射撃': 3, '爆砕の傭兵・フィーナ': 3, '不思議な青空・アリス': 3, 'マドロスエルフ': 3, 'ロイヤルクリスタリア・ティア': 2, '〔渚の花嫁〕新田美波': 3, 'フロストクリスタリア・エリン': 2, 'サイレンススズカ': 1, '凍土の女王・ピアシィ': 2, 'アナスタシア': 2}
2026-02-22	プリンセスコネクト！Re:Dive	8	9	7DAGQ	1480490	{'オーロラヒーリング': 3, 'コールオブギルド': 3, 'クロエ': 3, 'シェフィ': 3, 'チエル': 3, 'マホ': 3, '真理と実存の共同幻想': 3, 'ダークエクリプス': 3, 'ちぇるちぇる☆かあにばる': 3, 'ドラゴンズエンドフィスト': 1, 'いつか、また会う未来で': 3, 'エリス': 3, 'キャル': 3, 'ユニ': 3}
2026-02-23	プリンセスコネクト！Re:Dive	1	33	46856	1450587	{'アオイ': 1, 'アネモネ': 3, 'エリコ': 3, 'コッコロ': 3, 'ユイ': 3, 'ラビリスタ': 3, 'レイ': 3, 'オーロラヒーリング': 2, 'コールオブギルド': 3, 'イリヤ': 2, 'カスミ': 3, 'ネビア': 2, 'マホ': 3, 'ランファ': 3, 'ネフィ＝ネラ': 3}
2026-02-23	ロイヤル	2	33	4BZH8	1450587	{'盗賊の乱飛': 3, '値引き交渉': 3, 'プリンセスキス': 1, '楽園への来訪': 3, '艶やかなる太夫・ギンネ': 3, '照明の案内人': 3, '帳場ガエル': 3, '華の大将・タケツミ': 3, '簒奪の信者': 1, '《戦車》・オルオーン': 2, '達人の芸者': 3, '伊達の大見得': 3, 'カースドクイーン・ナハト・ナハト': 2, 'ダークセイバー・メリッサ': 2, '天下の大泥棒・ジエモン': 3, 'ジェンティルドンナ': 2}
2026-02-23	エルフ	3	33	1QR64	1450587	{'アクティブエルフ・メイ': 2, '深緑の弓使い・アリサ': 3, '小さな勇士・スクナ': 3, 'ピュアクリスタリア・リリィ': 1, '優美な猫姉妹・シャム＆シャマ': 3, '自然の導き': 3, '対空射撃': 3, '女神は朝焼けの海に': 1, '爆砕の傭兵・フィーナ': 3, '不思議な青空・アリス': 3, 'マドロスエルフ': 3, 'ロイヤルクリスタリア・ティア': 3, '〔女神は朝焼けの海に〕新田美波': 3, 'フロストクリスタリア・エリン': 2, '迸る光明・アポロン': 2, 'アナスタシア': 2}
2026-02-23	ナイトメア	4	33	5GSSQ	1450587	{'マンマル1号': 3, 'メカニカルガンナー': 3, '紅のワルツ': 3, '鋼鉄の希望': 3, 'デッドペナルティ': 2, 'ファースト・ワン': 3, '永続の機構・ニコラ': 2, '真紅の抗戦者・モノ': 3, '創出の紫紺・エンネア': 3, 'フロートボードマーセナリー': 3, 'マンマル2号': 3, '禁絶の腕・ニコラ': 3, '悠久の真紅・モノ': 3, '紫紺の抵抗者・エンネア': 1, '絆の共振': 2}
2026-02-23	エルフ	5	33	4FEWU	1450587	{'コッコロ': 3, '深緑の弓使い・アリサ': 3, '小さな勇士・スクナ': 3, 'ピュアクリスタリア・リリィ': 1, '優美な猫姉妹・シャム＆シャマ': 3, '自然の導き': 3, '対空射撃': 3, '爆砕の傭兵・フィーナ': 3, '不思議な青空・アリス': 3, 'マドロスエルフ': 3, 'ロイヤルクリスタリア・ティア': 3, '〔渚の花嫁〕新田美波': 3, 'フロストクリスタリア・エリン': 2, '迸る光明・アポロン': 2, '〔よくばりサニーバカンス〕アナスタシア': 2}
2026-02-23	ビショップ	6	33	560AY	1450587	{'デバイスチューナー': 3, 'メカニカルガンナー': 3, 'セイント・コア': 3, '機械鞭の僧侶': 3, '極炎のドラグーン・ローラ': 3, '鉄腕の修道女': 3, 'マシンファルコン': 3, 'ロボティクスユーザー': 1, '機構の解放': 3, 'リモニウムの救済': 3, 'エアリアルクラフト': 2, '欠落の聖女・リモニウム': 3, 'オートマティックメイデン': 3, 'マシンフィンガー・イヴィル': 3, '百機王・グライアス': 1}
2026-02-23	エルフ	7	33	2VCG0	1450587	{'コッコロ': 2, '深緑の弓使い・アリサ': 3, '小さな勇士・スクナ': 3, 'ピュアクリスタリア・リリィ': 2, '優美な猫姉妹・シャム＆シャマ': 3, '自然の導き': 3, '対空射撃': 3, '爆砕の傭兵・フィーナ': 3, '不思議な青空・アリス': 3, 'マドロスエルフ': 3, 'ロイヤルクリスタリア・ティア': 3, '〔渚の花嫁〕新田美波': 3, 'フロストクリスタリア・エリン': 2, '迸る光明・アポロン': 2, 'アナスタシア': 2}
2026-02-23	ナイトメア	8	33	2SGPE	1450587	{'ストレイホロウ・イルガンノ': 3, 'ソウルガイド・エイミー': 2, '友魂の少女・ルナ': 3, 'デッドペナルティ': 3, '憧れの飛躍・イツルギ': 3, 'ゴールドラッシュゴースト': 2, '死期を視るもの・グレモリー': 2, '幽霊支配人・アーカス': 2, '異形': 3, '大ツルハシの骸': 2, '佰死と佰亡の六銘伝・イルゼ＆ウルゼ': 3, '瞑地の天宮・ムカン': 2, '人外魔境・クリストフ': 3, '奔放なる獄炎・ケルベロス': 3, 'カオスルーラー・アイシィレンドリング': 2, 'ブラックスワン・オディール': 2}
2026-02-23	ウィッチ	1	9	41SH6	1461757	{'製造術': 3, 'ブリッツ': 3, 'マジカルストラテジー': 3, 'ラピッドファイア': 4, '白霜の風': 2, '真理の発見': 3, '魔力の蓄積': 2, '一世の探究': 2, 'スキュア': 3, 'チェック': 3, 'チェックメイト': 3, '真実の掟': 1, '魔力の充填': 3, '魔道具専門店': 3, '次元の超越': 2}
2026-02-23	ロイヤル	2	9	66P1A	1461757	{'ベルエンジェル・リア': 3, 'おプリンセスキス': 1, '盗賊の乱飛': 3, '値引き交渉': 3, '楽園への来訪': 3, '艶やかなる太夫・ギンネ': 3, '照明の案内人': 3, '帳場ガエル': 3, '華の大将・タケツミ': 3, '達人の芸者': 3, '伊達の大見得': 3, 'ダークセイバー・メリッサ': 3, '天下の大泥棒・ジエモン': 3, 'ジェンティルドンナ': 3}
2026-02-23	ドラゴン	3	9	7G7VS	1461757	{'天威のドラグーン': 3, 'ブレイジングブレス': 1, '艶麗なる竜人・マリオン': 3, '干絶の飢餓・ギルネリーゼ': 1, 'ドラゴニックコール': 3, '迸る光明・アポロン': 3, '竜巫女の儀式': 1, 'オーブキャンサー': 3, '灼熱のアナテマ・バーンドナイト': 3, '蒼炎のドラゴニュート': 3, '荒波のドラグーン・ザハール': 3, '邪智の竜・ファフニール': 2, '《正義》・イランツァ': 2, 'パンプキンドラゴン': 3, '猛火のティラノサウルス': 3, '竜喰らう禁忌': 3}
2026-02-23	ビショップ	4	9	36YQ0	1461757	{'デバイスチューナー': 3, 'メカニカルガンナー': 3, 'セイント・コア': 3, '機械鞭の僧侶': 3, '極炎のドラグーン・ローラ': 3, '鉄腕の修道女': 3, 'フロートボードマーセナリー': 3, 'マシンファルコン': 3, '機構の解放': 3, 'リモニウムの救済': 3, '欠落の聖女・リモニウム': 3, 'オートマティックメイデン': 3, 'マシンフィンガー・イヴィル': 3, '百機王・グライアス': 1}
2026-02-23	ビショップ	5	9	2H6QQ	1461757	{'ダークオファリング': 3, '一角獣の祭壇': 3, '黄金の鐘': 3, 'その背中を越えて': 3, '悠久の絶望': 3, '干絶の飢餓・ギルネリーゼ': 3, '射殺す輝き': 3, 'キャプチャーストリング': 3, '贖罪の司祭・イリス': 3, 'ノゾミ': 2, '安息の絶傑・マーウィン': 1, '絶望の安息・マーウィン': 3, '天狐の社': 1, 'テミスの審判': 3, '神の盾・ブローディア': 3}
2026-02-23	プリンセスコネクト！Re:Dive	6	9	78DWG	1461757	{'オーロラヒーリング': 3, 'コールオブギルド': 3, 'キョウカ': 3, 'クロエ': 3, 'シェフィ': 2, 'チエル': 3, '真理と実存の共同幻想': 2, 'ダークエクリプス': 3, 'ちぇるちぇる☆かあにばる': 3, 'ペコリーヌ': 2, 'いつか、また会う未来で': 3, 'プリンセスストライク': 2, 'エリス': 3, 'キャル': 2, 'ユニ': 3}
2026-02-23	ナイトメア	7	9	1CXAG	1461757	{'欲望の信者': 3, '邪悪なる指揮': 2, '欲望の翼': 3, '漆黒の契約': 1, '鮮血の首飾り': 3, '愛絶の欲望・ヴァーナレク': 3, '干絶の飢餓・ギルネリーゼ': 1, 'クリムゾンウォー・ラウラ': 3, '輿水幸子': 1, '粛清の器・メイシア': 2, '欲望の狂信者': 3, '欲望の絶傑・ヴァーナレク': 3, '自称・街の人気者': 1, 'クラッシュデビル・デモニア': 3, '終幕の吸血鬼・ユリアス': 2, '魔剣の騎士・ハザン': 2, 'My Life，My Sounds': 1}
2026-02-23	ドラゴン	8	9	3ZDRW	1461757	{'電爪の帰宅部員': 2, '朱翼の入学祝': 3, '竜殺しの槍': 2, '炎髄の副会長・テンカ': 3, '彩尾の風紀委員': 3, '大地のドラゴニュート': 2, '暴竜・伊達政宗': 3, '竜の託宣': 3, '壊竜の六銘伝・エル': 3, '気高き雷・ロマロニア': 1, '殺竜騎士・ロイ': 3, '竜槍の戦士・ローウェン': 1, '炎柱の竜人': 3, '焦熱の竜翼・ドラーク': 3, '白亜の竜騎士': 3}
2026-02-23	ドラゴン	1	19	7Y4CL	1463837	{'電爪の帰宅部員': 1, '朱翼の入学祝': 3, '竜殺しの槍': 2, '炎髄の副会長・テンカ': 3, '彩尾の風紀委員': 2, 'ストライクドラグーン': 2, '暴竜・伊達政宗': 3, '爆炎の咆哮': 2, '竜の託宣': 3, '壊竜の六銘伝・エル': 3, '気高き雷・ロマロニア': 2, '殺竜騎士・ロイ': 2, '竜槍の戦士・ローウェン': 3, '炎柱の竜人': 3, '焦熱の竜翼・ドラーク': 3, '白亜の竜騎士': 3}
2026-02-23	エルフ	2	19	3TQRC	1463837	{'アクティブエルフ・メイ': 2, 'コッコロ': 2, '深緑の弓使い・アリサ': 3, '小さな勇士・スクナ': 3, 'ピュアクリスタリア・リリィ': 1, '優美な猫姉妹・シャム＆シャマ': 3, '自然の導き': 3, '対空射撃': 3, '爆砕の傭兵・フィーナ': 3, '不思議な青空・アリス': 3, 'マドロスエルフ': 3, 'ロイヤルクリスタリア・ティア': 2, '〔渚の花嫁〕新田美波': 3, 'フロストクリスタリア・エリン': 2, '迸る光明・アポロン': 2, 'アナスタシア': 2}
2026-02-23	エルフ	3	19	5C2QC	1463837	{'コッコロ': 2, '深緑の弓使い・アリサ': 3, '小さな勇士・スクナ': 3, 'ピュアクリスタリア・リリィ': 2, '優美な猫姉妹・シャム＆シャマ': 3, '自然の導き': 3, '対空射撃': 3, '爆砕の傭兵・フィーナ': 3, '不思議な青空・アリス': 3, 'マドロスエルフ': 3, 'ロイヤルクリスタリア・ティア': 2, '〔渚の花嫁〕新田美波': 3, '迸る光明・アポロン': 3, '凍土の女王・ピアシィ': 2, 'アナスタシア': 2}
2026-02-23	エルフ	4	19	51GEC	1463837	{'アクティブエルフ・メイ': 3, 'コッコロ': 3, '自由なる冒険者': 1, '深緑の弓使い・アリサ': 3, '小さな勇士・スクナ': 3, '優美な猫姉妹・シャム＆シャマ': 3, '対空射撃': 2, 'エルフの鍛冶師・レーネ': 2, '絡繰り給仕': 3, '爆砕の傭兵・フィーナ': 3, '不思議な青空・アリス': 3, 'マドロスエルフ': 3, 'ロイヤルクリスタリア・ティア': 2, '〔渚の花嫁〕新田美波': 3, 'アナスタシア': 3}
2026-02-23	プリンセスコネクト！Re:Dive	5	19	4EPDS	1463837	{'アネモネ': 3, 'エリコ': 3, '羅刹涅槃・無式': 3, 'コールオブギルド': 3, 'イノリ': 3, 'シェフィ': 3, 'ムイミ': 3, 'ユキ': 3, 'いつか、また会う未来で': 3, 'エリス': 3, 'サレン': 3, 'ホマレ': 3, 'カヤ': 3, 'ライラエル': 1}
2026-02-23	エルフ	6	19	4N5LC	1463837	{'アクティブエルフ・メイ': 2, 'コッコロ': 3, '深緑の弓使い・アリサ': 3, '小さな勇士・スクナ': 3, 'ピュアクリスタリア・リリィ': 1, '優美な猫姉妹・シャム＆シャマ': 3, '自然の導き': 3, '対空射撃': 3, '爆砕の傭兵・フィーナ': 3, '不思議な青空・アリス': 3, 'マドロスエルフ': 3, 'ロイヤルクリスタリア・ティア': 3, '〔渚の花嫁〕新田美波': 3, 'フロストクリスタリア・エリン': 2, 'アナスタシア': 2}
2026-02-23	ナイトメア	7	19	2CL1W	1463837	{'ストレイホロウ・イルガンノ': 3, 'ソウルガイド・エイミー': 3, '友魂の少女・ルナ': 3, 'デッドペナルティ': 3, '憧れの飛躍・イツルギ': 3, 'ゴールドラッシュゴースト': 2, '死期を視るもの・グレモリー': 2, '幽霊支配人・アーカス': 3, '異形': 3, '大ツルハシの骸': 1, '佰死と佰亡の六銘伝・イルゼ＆ウルゼ': 3, '瞑地の天宮・ムカン': 2, '人外魔境・クリストフ': 3, '奔放なる獄炎・ケルベロス': 3, 'カオスルーラー・アイシィレンドリング': 1, 'ブラックスワン・オディール': 2}
2026-02-23	ビショップ	8	19	4BXEU	1463837	{'ダークオファリング': 3, '安息の領域': 1, '一角獣の祭壇': 3, '祈りの燭台': 2, '黄金の鐘': 3, 'その背中を越えて': 3, '悠久の絶望': 3, '干絶の飢餓・ギルネリーゼ': 2, 'キャプチャーストリング': 2, '獣姫の誓約': 1, '贖罪の司祭・イリス': 3, '彩☆きっく乙女': 1, '古き護り手': 1, '裁決のアナテマ・ロデオ': 1, '絶望の安息・マーウィン': 3, '《世界》・ゼルガネイア': 1, 'テミスの審判': 3, '清浄の領域': 1, '神の盾・ブローディア': 3}
2026-02-23	エルフ	1	12	59EA8	1467573	{'コッコロ': 3, '深緑の弓使い・アリサ': 3, '小さな勇士・スクナ': 3, 'ピュアクリスタリア・リリィ': 1, '優美な猫姉妹・シャム＆シャマ': 3, '自然の導き': 3, '対空射撃': 3, '爆砕の傭兵・フィーナ': 3, '不思議な青空・アリス': 3, 'マドロスエルフ': 3, 'ロイヤルクリスタリア・ティア': 3, '〔渚の花嫁〕新田美波': 3, 'フロストクリスタリア・エリン': 3, '凍土の女王・ピアシィ': 1, 'アナスタシア': 2}
2026-02-23	ビショップ	2	12	3M8KS	1467573	{'デバイスチューナー': 3, 'メカニカルガンナー': 3, 'セイント・コア': 3, '機械鞭の僧侶': 3, '機械腕の祈り手': 3, '極炎のドラグーン・ローラ': 3, 'マシンファルコン': 3, 'ロボティクスユーザー': 3, '機構の解放': 3, 'エアリアルクラフト': 3, '欠落の聖女・リモニウム': 3, 'オートマティックメイデン': 3, 'マシンフィンガー・イヴィル': 3, '百機王・グライアス': 1}
2026-02-23	エルフ	3	12	6TV76	1467573	{'コッコロ': 3, '深緑の弓使い・アリサ': 3, '小さな勇士・スクナ': 3, 'ピュアクリスタリア・リリィ': 2, '優美な猫姉妹・シャム＆シャマ': 3, '自然の導き': 3, '対空射撃': 3, '爆砕の傭兵・フィーナ': 3, '不思議な青空・アリス': 2, 'マドロスエルフ': 3, 'ロイヤルクリスタリア・ティア': 3, '〔渚の花嫁〕新田美波': 3, 'フロストクリスタリア・エリン': 2, '凍土の女王・ピアシィ': 2, 'アナスタシア': 2}
2026-02-23	エルフ	4	12	1G70U	1467573	{'コッコロ': 3, '深緑の弓使い・アリサ': 3, '小さな勇士・スクナ': 3, 'ピュアクリスタリア・リリィ': 1, '優美な猫姉妹・シャム＆シャマ': 3, '自然の導き': 3, '対空射撃': 3, '爆砕の傭兵・フィーナ': 3, '不思議な青空・アリス': 3, 'マドロスエルフ': 3, 'ロイヤルクリスタリア・ティア': 3, '〔渚の花嫁〕新田美波': 3, 'フロストクリスタリア・エリン': 3, '凍土の女王・ピアシィ': 1, 'アナスタシア': 2}
2026-02-23	エルフ	5	12	4ME3A	1467573	{'アクティブエルフ・メイ': 1, 'コッコロ': 3, '深緑の弓使い・アリサ': 3, '小さな勇士・スクナ': 3, 'ピュアクリスタリア・リリィ': 1, '優美な猫姉妹・シャム＆シャマ': 3, '自然の導き': 2, '対空射撃': 3, '爆砕の傭兵・フィーナ': 3, '不思議な青空・アリス': 3, 'マドロスエルフ': 3, 'ロイヤルクリスタリア・ティア': 3, '〔渚の花嫁〕新田美波': 3, 'フロストクリスタリア・エリン': 3, '凍土の女王・ピアシィ': 1, 'アナスタシア': 2}
2026-02-23	ロイヤル	6	12	6AFR2	1467573	{'盗賊の乱飛': 3, '値引き交渉': 3, '楽園への来訪': 3, '艶やかなる太夫・ギンネ': 3, '照明の案内人': 3, '帳場ガエル': 3, '華の大将・タケツミ': 3, '簒奪の信者': 3, '達人の芸者': 3, '伊達の大見得': 3, 'カースドクイーン・ナハト・ナハト': 2, 'ダークセイバー・メリッサ': 3, '天下の大泥棒・ジエモン': 3, 'ジェンティルドンナ': 2}
2026-02-23		7	12	5XX1E	1467573	
2026-02-23	ドラゴン	8	12	66QMS	1467573	{'電爪の帰宅部員': 1, '朱翼の入学祝': 3, '竜殺しの槍': 2, '炎髄の副会長・テンカ': 3, '彩尾の風紀委員': 2, '大地のドラゴニュート': 2, '暴竜・伊達政宗': 3, '爆炎の咆哮': 1, '竜の託宣': 3, '壊竜の六銘伝・エル': 3, '気高き雷・ロマロニア': 2, '殺竜騎士・ロイ': 2, '竜槍の戦士・ローウェン': 3, '炎柱の竜人': 3, '焦熱の竜翼・ドラーク': 3, '白亜の竜騎士': 3, '覇道の竜翼・フォルテ': 1}
2026-02-23	プリンセスコネクト！Re:Dive	1	9	167HA	1472888	{'オーロラヒーリング': 3, 'コールオブギルド': 3, 'クロエ': 3, 'シェフィ': 3, 'チエル': 3, 'マホ': 2, '真理と実存の共同幻想': 2, 'ダークエクリプス': 3, 'ちぇるちぇる☆かあにばる': 2, 'ペコリーヌ': 2, 'ユキ': 1, 'いつか、また会う未来で': 3, 'プリンセスストライク': 2, 'エリス': 3, 'キャル': 2, 'ユニ': 3}
2026-02-23	エルフ	2	9	4TW96	1472888	{'アクティブエルフ・メイ': 1, 'コッコロ': 2, '深緑の弓使い・アリサ': 3, '小さな勇士・スクナ': 3, 'ピュアクリスタリア・リリィ': 2, '優美な猫姉妹・シャム＆シャマ': 3, '自然の導き': 3, '対空射撃': 3, '爆砕の傭兵・フィーナ': 3, '不思議な青空・アリス': 3, 'マドロスエルフ': 3, 'ロイヤルクリスタリア・ティア': 2, '〔渚の花嫁〕新田美波': 3, 'フロストクリスタリア・エリン': 2, '凍土の女王・ピアシィ': 2, 'アナスタシア': 2}
2026-02-23	ナイトメア	3	9	59KZ6	1472888	{'マンマル1号': 3, 'メカニカルガンナー': 3, '紅のワルツ': 3, '鋼鉄の希望': 3, 'デッドペナルティ': 1, 'ファースト・ワン': 3, '永続の機構・ニコラ': 2, '真紅の抗戦者・モノ': 3, '創出の紫紺・エンネア': 3, 'フロートボードマーセナリー': 3, 'マンマル2号': 3, '禁絶の腕・ニコラ': 3, '悠久の真紅・モノ': 3, '紫紺の抵抗者・エンネア': 1, '鋼鉄と大地の神': 2, '絆の共振': 1}
2026-02-23	プリンセスコネクト！Re:Dive	4	9	5RXUY	1472888	{'クルミ': 1, 'クローチェ': 3, 'コールオブギルド': 3, 'イノリ': 3, 'ヴルム': 2, 'シェフィ': 3, 'スズメ': 2, 'ムイミ': 3, 'リンド': 1, 'ドラゴンズエンドフィスト': 1, 'ペコリーヌ': 3, 'いつか、また会う未来で': 3, 'エリス': 3, 'サレン': 2, 'ホマレ': 3, 'カヤ': 3, 'ライラエル': 1}
2026-02-23	プリンセスコネクト！Re:Dive	5	9	63KME	1472888	{'コッコロ': 2, 'オーロラヒーリング': 2, 'コールオブギルド': 3, 'クロエ': 3, 'シェフィ': 3, 'チエル': 3, 'ムイミ': 2, '真理と実存の共同幻想': 2, 'ダークエクリプス': 3, 'ちぇるちぇる☆かあにばる': 3, 'ペコリーヌ': 2, 'いつか、また会う未来で': 3, 'エリス': 3, 'キャル': 3, 'ユニ': 3}
2026-02-23	エルフ	6	9	2WEB6	1472888	{'コッコロ': 2, '深緑の弓使い・アリサ': 3, '小さな勇士・スクナ': 3, 'ピュアクリスタリア・リリィ': 1, '優美な猫姉妹・シャム＆シャマ': 3, '自然の導き': 3, '対空射撃': 3, '爆砕の傭兵・フィーナ': 3, '不思議な青空・アリス': 3, 'マドロスエルフ': 3, 'ロイヤルクリスタリア・ティア': 3, '〔渚の花嫁〕新田美波': 3, 'フロストクリスタリア・エリン': 3, '凍土の女王・ピアシィ': 2, 'アナスタシア': 2}
2026-02-23	ロイヤル	7	9	2YW60	1472888	{'ばーくがる': 3, 'ベルエンジェル・リア': 3, '閃光の盾 イゾルデ': 3, '干絶の飢餓・ギルネリーゼ': 3, '月の刃・リオード': 3, '神速の歩法': 3, 'ペコリーヌ': 3, '迸る光明・アポロン': 3, '不滅の聖剣・デュランダル': 3, 'ダークセイバー・メリッサ': 3, '不滅の英雄・ローラン': 3, 'クリスティーナ': 2, 'ジェンティルドンナ': 3, 'ナリタブライアン': 2}
2026-02-23	ドラゴン	8	9	3K3YG	1472888	{'ブレイジングブレス': 3, '干絶の飢餓・ギルネリーゼ': 3, 'ドラゴニュートの威圧': 3, 'ドラゴンクロー': 1, '竜の託宣': 3, '迸る光明・アポロン': 2, 'いつか、また会う未来で': 3, '栄弦の奏楽': 2, '魔竜導師 キンナラ': 2, '竜の怒り': 2, '竜の翼': 3, '《世界》・ゼルガネイア': 2, '灼熱の嵐': 3, 'エルコンドルパサー': 2, 'パッションチャンピオーナ！': 1, '邪智の竜・ファフニール': 2, 'リントヴルム': 3}
2026-02-23	エルフ	1	13	3MLJC	1478272	{'オケアノス': 2, '区役所の丙種職員': 3, '樹律の祈り子': 2, '炎術検定A級': 3, '新約都市・透京': 3, '樹権の剪定者': 3, '樹正の木鐸・キョウ': 3, '樹都の拳士': 3, '魔汚区役所職員・災藤': 3, '揺蕩う意志・スピネ': 2, 'アークエンジェル・レイナ': 3, '浄樹の六銘伝・ロロ・ロニエ': 3, '凍土の女王・ピアシィ': 3, '因芽応報': 1, '浄土蒔植': 3}
2026-02-23	プリンセスコネクト！Re:Dive	2	13	56Q28	1478272	{'アオイ': 3, 'アネモネ': 3, 'エリコ': 3, 'コッコロ': 3, 'ユイ': 2, 'ラビリスタ': 3, 'リノ': 2, 'レイ': 3, 'コールオブギルド': 3, 'イリヤ': 2, 'ネビア': 2, 'マホ': 3, 'ランファ': 3, 'クリスティーナ': 2, 'ネフィ＝ネラ': 3}
2026-02-23	エルフ	3	13	2BZ7W	1478272	{'アクティブエルフ・メイ': 3, 'コッコロ': 2, '深緑の弓使い・アリサ': 3, '小さな勇士・スクナ': 3, 'ピュアクリスタリア・リリィ': 1, '優美な猫姉妹・シャム＆シャマ': 3, '自然の導き': 2, '対空射撃': 3, '爆砕の傭兵・フィーナ': 3, '不思議な青空・アリス': 3, 'マドロスエルフ': 3, 'ロイヤルクリスタリア・ティア': 2, '〔渚の花嫁〕新田美波': 3, 'フロストクリスタリア・エリン': 2, '凍土の女王・ピアシィ': 2, '〔よくばりサニーバカンス〕アナスタシア': 2}
2026-02-23	プリンセスコネクト！Re:Dive	4	13	7UCJ8	1478272	{'オーロラヒーリング': 3, 'コールオブギルド': 3, 'イリヤ': 1, 'キョウカ': 1, 'クロエ': 3, 'シェフィ': 2, 'チエル': 3, 'マホ': 1, '真理と実存の共同幻想': 2, 'ダークエクリプス': 3, 'ちぇるちぇる☆かあにばる': 3, 'ペコリーヌ': 2, 'いつか、また会う未来で': 3, 'プリンセスストライク': 2, 'エリス': 3, 'キャル': 2, 'ユニ': 3}
2026-02-23	ドラゴン	5	13	7N1SG	1478272	{'電爪の帰宅部員': 1, '朱翼の入学祝': 3, '竜殺しの槍': 3, '炎髄の副会長・テンカ': 3, '大地のドラゴニュート': 2, '暴竜・伊達政宗': 3, '竜の託宣': 3, '壊竜の六銘伝・エル': 3, '気高き雷・ロマロニア': 3, '殺竜騎士・ロイ': 2, '竜槍の戦士・ローウェン': 3, '炎柱の竜人': 3, '焦熱の竜翼・ドラーク': 3, '白亜の竜騎士': 3, '覇道の竜翼・フォルテ': 2}
2026-02-23	プリンセスコネクト！Re:Dive	6	13	4Y53W	1478272	{'コッコロ': 2, 'オーロラヒーリング': 3, 'コールオブギルド': 3, 'クロエ': 3, 'シェフィ': 3, 'チエル': 3, 'ダークエクリプス': 3, 'ちぇるちぇる☆かあにばる': 3, '真理と実存の共同幻想': 2, 'ペコリーヌ': 2, 'いつか、また会う未来で': 3, 'エリス': 3, 'キャル': 2, 'サレン': 2, 'ユニ': 3}
2026-02-23	エルフ	7	13	2HLH6	1478272	{'アクティブエルフ・メイ': 1, 'コッコロ': 2, '深緑の弓使い・アリサ': 3, '小さな勇士・スクナ': 3, 'ピュアクリスタリア・リリィ': 1, '優美な猫姉妹・シャム＆シャマ': 3, '自然の導き': 3, '対空射撃': 3, '爆砕の傭兵・フィーナ': 3, '不思議な青空・アリス': 3, 'マドロスエルフ': 3, 'ロイヤルクリスタリア・ティア': 2, '〔渚の花嫁〕新田美波': 3, 'フロストクリスタリア・エリン': 2, '迸る光明・アポロン': 3, '〔よくばりサニーバカンス〕アナスタシア': 2}
2026-02-23	プリンセスコネクト！Re:Dive	8	13	5ARZS	1478272	{'クルミ': 1, 'コッコロ': 3, 'ドングリチャージ': 3, 'アヤネ': 1, 'シェフィ': 3, 'シオリ': 1, 'スズメ': 1, 'チカ': 3, 'マコト': 2, 'ユカリ': 3, 'キャプチャーストリング': 3, 'ノゾミ': 3, 'ペコリーヌ': 3, 'マヒル': 3, 'プリンセスストライク': 2, 'クリスティーナ': 2, 'サレン': 3}
2026-02-23	ビショップ	1	11	6NE8C	1478741	{'デバイスチューナー': 3, 'メカニカルガンナー': 3, 'セイント・コア': 3, '機械鞭の僧侶': 3, '極炎のドラグーン・ローラ': 3, '鉄腕の修道女': 3, 'フロートボードマーセナリー': 2, 'マシンファルコン': 3, 'ロボティクスユーザー': 2, '機構の解放': 3, 'リモニウムの救済': 2, '欠落の聖女・リモニウム': 3, 'オートマティックメイデン': 2, 'マシンフィンガー・イヴィル': 3, '百機王・グライアス': 2}
2026-02-23	ナイトメア	2	11	XNJ8	1478741	{'ストレイホロウ・イルガンノ': 3, 'ソウルガイド・エイミー': 3, '友魂の少女・ルナ': 3, 'ソウルコンバージョン': 1, 'デッドペナルティ': 3, '憧れの飛躍・イツルギ': 1, 'ゴールドラッシュゴースト': 3, '死期を視るもの・グレモリー': 3, 'ネクロテンプテーション': 1, '異形': 3, '大ツルハシの骸': 2, '瞑地の天宮・ムカン': 3, '人外魔境・クリストフ': 3, '奔放なる獄炎・ケルベロス': 2, 'カオスルーラー・アイシィレンドリング': 2, 'ブラックスワン・オディール': 3}
2026-02-23	エルフ	3	11	1BWQ0	1478741	{'コッコロ': 2, '自由なる冒険者': 3, '宿命の狐火・セッカ': 3, '深緑の弓使い・アリサ': 3, '小さな勇士・スクナ': 3, '優美な猫姉妹・シャム＆シャマ': 3, 'レヴィールの無法者': 2, '九尾の決意': 1, 'オシャレ女王・ネルシャ': 1, '爆砕の傭兵・フィーナ': 3, '不思議な青空・アリス': 3, 'マドロスエルフ': 3, 'ワイルドリザード': 2, '〔渚の花嫁〕新田美波': 2, 'ブレードエルフ': 2, '迸る光明・アポロン': 2, 'アナスタシア': 2}
2026-02-23	ドラゴン	4	11	1T33S	1478741	{'侮蔑の隠者': 3, '灯火の烈絶': 3, '侮蔑の炎爪': 3, '侮蔑の嘲笑': 2, '干絶の飢餓・ギルネリーゼ': 3, '侮蔑の狂信者': 3, '侮蔑の従者': 3, '覇極': 3, '竜の託宣': 3, '侮蔑の使徒': 2, '烈絶の崇拝者': 3, 'いつか、また会う未来で': 3, '侮蔑の絶傑・ガルミーユ': 3, '烈絶の侮蔑・ガルミーユ': 3}
2026-02-23	プリンセスコネクト！Re:Dive	5	11	69U1N	1478741	{'クローチェ': 3, '羅刹涅槃・無式': 3, 'イノリ': 3, 'イリヤ': 1, 'ヴルム': 2, 'シェフィ': 3, 'ムイミ': 3, 'リンド': 1, 'ドラゴンズエンドフィスト': 1, 'ペコリーヌ': 3, 'いつか、また会う未来で': 3, 'エリス': 3, 'クレジッタ': 1, 'ホマレ': 3, 'カヤ': 2, 'アキノ': 2, 'ライラエル': 3}
2026-02-23	プリンセスコネクト！Re:Dive	6	11	6YBJQ	1478741	{'アオイ': 3, 'エリコ': 3, 'コッコロ': 3, 'タマキ': 1, 'ユイ': 3, 'ラビリスタ': 3, 'レイ': 3, 'コールオブギルド': 3, 'アメス': 2, 'イノリ': 3, 'ムイミ': 2, 'ヒヨリ': 2, 'ランファ': 3, 'ホマレ': 3, 'カヤ': 3}
2026-02-23		7	11	4RNX2	1478741	{'オーロラヒーリング': 3, 'コールオブギルド': 3, 'イリヤ': 1, 'クロエ': 3, 'チエル': 3, 'マホ': 3, '真理と実存の共同幻想': 3, 'ダークエクリプス': 3, 'ちぇるちぇる☆かあにばる': 3, 'ペコリーヌ': 3, 'いつか、また会う未来で': 3, 'エリス': 3, 'キャル': 3, 'ユニ': 3}
2026-02-23	ドラゴン	8	11	7WELL	1478741	{'天威のドラグーン': 3, '艶麗なる竜人・マリオン': 3, 'ドラゴニックコール': 2, '竜巫女の儀式': 1, '雲海の騎竜兵': 2, 'オーブキャンサー': 3, '灼熱のアナテマ・バーンドナイト': 3, '蒼炎のドラゴニュート': 3, '水辺のニンフ・シャロン': 2, '《正義》・イランツァ': 2, '荒波のドラグーン・ザハール': 3, '邪智の竜・ファフニール': 2, 'パンプキンドラゴン': 3, '猛火のティラノサウルス': 3, '未知との遭遇': 2, '竜喰らう禁忌': 3}
2026-02-23	エルフ	1	16	6GACU	1479641	{'コッコロ': 2, '深緑の弓使い・アリサ': 3, '小さな勇士・スクナ': 3, 'ピュアクリスタリア・リリィ': 2, '優美な猫姉妹・シャム＆シャマ': 3, '自然の導き': 3, '対空射撃': 3, '爆砕の傭兵・フィーナ': 3, '不思議な青空・アリス': 3, 'マドロスエルフ': 3, 'ロイヤルクリスタリア・ティア': 2, '〔渚の花嫁〕新田美波': 3, 'フロストクリスタリア・エリン': 3, '凍土の女王・ピアシィ': 2, 'アナスタシア': 2}
2026-02-23	エルフ	2	16	6RUGG	1479641	{'コッコロ': 3, '深緑の弓使い・アリサ': 3, '小さな勇士・スクナ': 3, 'ピュアクリスタリア・リリィ': 2, '優美な猫姉妹・シャム＆シャマ': 3, '自然の導き': 3, '対空射撃': 3, '爆砕の傭兵・フィーナ': 3, '不思議な青空・アリス': 3, 'マドロスエルフ': 3, 'ロイヤルクリスタリア・ティア': 3, '〔渚の花嫁〕新田美波': 3, 'フロストクリスタリア・エリン': 2, '凍土の女王・ピアシィ': 1, 'アナスタシア': 2}
2026-02-23	プリンセスコネクト！Re:Dive	3	16	3Z8BS	1479641	{'オーロラヒーリング': 3, 'コールオブギルド': 3, 'イリヤ': 1, 'クロエ': 3, 'シェフィ': 3, 'チエル': 3, 'ダークエクリプス': 3, 'ちぇるちぇる☆かあにばる': 3, '真理と実存の共同幻想': 2, 'ペコリーヌ': 2, 'ユキ': 2, 'いつか、また会う未来で': 3, 'エリス': 3, 'キャル': 2, 'サレン': 1, 'ユニ＆クロエ＆チエル': 3}
2026-02-23	ウィッチ	4	16	6MBAC	1479641	{'栄光の華・エレノア': 3, 'ジャンピング・ジル': 3, 'ジュエリーマネージャー・フラージュ': 3, 'ダークメタル・バイコーン': 3, '炎術検定A級': 2, 'ブリリアントカット': 3, '越光の六銘伝・マナ': 3, '干絶の飢餓・ギルネリーゼ': 3, 'ジュエリーバウンサー': 3, 'ダイナマイト・ジャグラー': 3, '魔汚区役所職員・災藤': 3, 'ミストレス・ハリケーン': 2, '密かなる商談': 3, 'マギスの魔導師': 3}
2026-02-23	ドラゴン	5	16	3VLB2	1479641	{'天威のドラグーン': 3, '艶麗なる竜人・マリオン': 3, '干絶の飢餓・ギルネリーゼ': 3, 'ドラゴニックコール': 2, '竜の託宣': 2, '竜巫女の儀式': 1, '雲海の騎竜兵': 1, 'オーブキャンサー': 3, '灼熱のアナテマ・バーンドナイト': 3, '蒼炎のドラゴニュート': 3, '荒波のドラグーン・ザハール': 3, '邪智の竜・ファフニール': 2, '《正義》・イランツァ': 2, 'パンプキンドラゴン': 3, '猛火のティラノサウルス': 3, '竜喰らう禁忌': 3}
2026-02-23	ロイヤル	6	16	26XU4	1479641	{'死角の観測員': 3, '異端の調査協力': 3, '炎術検定A級': 3, 'ギガブレード': 3, '新約都市・透京': 3, '隘路の調査員': 3, '魔汚区役所職員・災藤': 3, 'ロストサムライ・カゲミツ': 3, '神速の歩法': 3, '簒奪の信者': 3, '全識の六銘伝・シンラ': 3, 'ワイルドメディエーター・ガンマ': 3, 'ダークセイバー・メリッサ': 3, '俯瞰の捜査員': 3}
2026-02-23	エルフ	7	16	55B5E	1479641	{'自然の妖精姫・アリア': 2, '純粋なるウォーターフェアリー': 3, '重なり合う決意': 3, '自然の導き': 2, 'フェアリーサークル': 3, 'フェアリーブレイダー・アマツ': 3, 'フォレストフェアリー': 3, 'ブレスフェアリーダンサー': 3, '妖精の弓使い': 3, 'リバースブレイダー・アマツ': 3, 'ティターニアの妖精郷': 1, 'ワンダーツリー': 1, '薫交の天宮・バックウッド': 3, '瘴気の妖精姫・アリア': 3, '揺蕩う意志・スピネ': 2, 'クイーンセイバー・シンシア': 2}
2026-02-23	ナイトメア	8	16	5S73N	1479641	{'ストレイホロウ・イルガンノ': 3, 'ソウルガイド・エイミー': 3, '友魂の少女・ルナ': 3, 'デッドペナルティ': 3, '憧れの飛躍・イツルギ': 3, 'ゴールドラッシュゴースト': 2, '死期を視るもの・グレモリー': 3, '幽霊支配人・アーカス': 2, '異形': 3, '大ツルハシの骸': 1, '佰死と佰亡の六銘伝・イルゼ＆ウルゼ': 3, '瞑地の天宮・ムカン': 1, '人外魔境・クリストフ': 3, '奔放なる獄炎・ケルベロス': 3, 'カオスルーラー・アイシィレンドリング': 2, 'ブラックスワン・オディール': 2}
