card_code,name,class,card_type,sub_type,cost,attack,hp,effect
PR-000,ファイター,ニュートラル,フォロワー,傭兵,2,2,3,"新たなる世界に立つ、名も無き戦士。
己が真価を発揮するべく、今再び剣をとる。"
PR-001,エンジェルスナイプ,ニュートラル,スペル,天使,1,-,-,相手のフォロワー1体を選ぶ。それに2ダメージ。
PR-002,エンジェルバレッジ,ニュートラル,スペル,天使,1,-,-,相手のフォロワーすべてに1ダメージ。
PR-003,自然の導き,エルフ,スペル,妖精,1,-,-,自分の場のカード1枚を選ぶ。それを手札に戻す。1枚引く。（手札に戻ったトークンはゲームから取り除く）
PR-004,エルフプリンセスメイジ,エルフ,フォロワー・エボルヴ,エルフ族・プリンセス,-,4,4,【進化時】『フェアリーウィスプ』2枚をEXエリアに置く。
PR-005,クイックブレーダー,ロイヤル,フォロワー,兵士,1,1,1,"【進化】【コスト3】：これは進化する。
【疾走】"
PR-006,フローラルフェンサー,ロイヤル,フォロワー・エボルヴ,兵士,-,4,4,【進化時】『スティールナイト』1体と『ナイト』1体を出す。
PR-007,錬金工房,ウィッチ,アミュレット,土の印,2,-,-,"【スタック】
【ファンファーレ】『攻撃型ゴーレム』1体を出す。"
PR-008,知恵の光,ウィッチ,スペル,魔法使い,1,-,-,1枚引く。
PR-009,ドラゴンウォーリア,ドラゴン,フォロワー・エボルヴ,竜族,-,4,4,【進化時】相手のフォロワー1体を選ぶ。それに3ダメージ。
PR-010,竜の託宣,ドラゴン,スペル,竜族,2,-,-,下記から1つチョイスする。【1】自分のPP最大値を+1する。【2】1枚引く。
PR-011,リリム,ナイトメア,フォロワー・エボルヴ,魔界,-,3,3,【攻撃時】自分のリーダーは【体力】+2する。
PR-012,死の祝福,ナイトメア,スペル,死者,6,-,-,自分の墓場のコスト8以下のフォロワー1枚を選ぶ。それを場に出す。それは【守護】を持つ。
PR-013,鉄槌の僧侶,ビショップ,フォロワー・エボルヴ,信仰,-,4,4,【進化時】体力3以下の相手のフォロワー1体を選ぶ。それを消滅させる。
PR-014,破邪の光,ビショップ,スペル,信仰,4,-,-,相手のフォロワー1体を選ぶ。それを消滅させる。自分のリーダーは【体力】+2する。
PR-015,エクスキューション,ニュートラル,スペル,悪魔,4,-,-,相手の場のカード1枚を選ぶ。それを破壊する。
PR-016,光の道筋,ニュートラル,スペル,光輝,2,-,-,"これを自分の手札から捨てたとき、1枚引く。
----------
1枚引く。"
PR-017,ラプラス・ダークネス,ナイトメア,リーダー,-,-,-,-,
PR-018,デモンストライク,ニュートラル,スペル,悪魔,3,-,-,相手のリーダー1人か相手のフォロワー1体を選ぶ。それに3ダメージ。
PR-019,エルフバード,エルフ,フォロワー,エルフ族,2,2,2,"自分のフォロワーが進化したとき、『フェアリーウィスプ』1枚をEXエリアに置く。
―――――――――――――――
『フェアリーウィスプ』【エルフ】妖精・フォロワー【コスト0】【攻撃力】1/【体力】1"
PR-020,アドバンスブレーダー,ロイヤル,フォロワー・エボルヴ,指揮官,-,5,5,【進化時】自分のデッキから兵士・フォロワー2枚まで探し、手札に加える。
PR-021,炎の握撃,ウィッチ,スペル,魔法使い,4,-,-,相手のフォロワー1体を選ぶ。それを破壊する。【スペルチェイン_10】それのリーダーに3ダメージ。
PR-022,炎熱の術式,ウィッチ,アミュレット,土の印,2,-,-,"【スタック】
【ファンファーレ】相手のフォロワー1体を選ぶ。それに3ダメージ。"
PR-023,ドラゴンテイマー,ドラゴン,フォロワー・エボルヴ,竜使い,-,3,3,【進化時】手札1枚を捨てる：自分の墓場の竜族・フォロワー1枚を選ぶ。それを手札に加える。
PR-024,ソウルコンバージョン,ナイトメア,スペル,死者,1,-,-,自分のフォロワー1体を選ぶ。それを破壊する。2枚引く。
PR-025,ソウルミニデビル,ナイトメア,フォロワー,魔界,2,3,2,自分のフォロワーが進化したとき、相手のリーダーすべてに2ダメージ。
PR-026,獣姫の呼び声,ビショップ,アミュレット,信仰,3,-,-,"【ファンファーレ】『ホーリーファルコン』1体を出す。
【起動】【コスト2】これを【アクト】墓場に置く：『ホーリータイガー』1体を出す。
―――――――――――――――
『ホーリーファルコン』【ビショップ】鳥族・フォロワー【コスト3】【攻撃力】2/【体力】2【疾走】
『ホーリータイガー』【ビショップ】獣・フォロワー【コスト4】【攻撃力】4/【体力】4【突進】"
PR-027,冥府への道,ニュートラル,アミュレット,魔王,3,-,-,"自分のエンドフェイズが来たとき、自分のリーダーの【体力】6以下なら、これを【アクト】墓場に置く：相手のフォロワーすべてに6ダメージ。
【ファンファーレ】3枚引く。自分のリーダーに3ダメージ。"
PR-028,眷属の召喚,ナイトメア,スペル,吸血鬼,1,-,-,"『フォレストバット』1体を出す。『フォレストバット』1枚をEXエリアに置く。
―――――――――――――――
『フォレストバット』【ナイトメア】吸血鬼・フォロワー【コスト1】【攻撃力】1/【体力】1"
PR-029,次元の超越,ウィッチ,スペル,魔法使い,12,-,-,"これをプレイする際、墓場のスペル10枚を消滅：コストを7にする。
このターンのあと、自分の追加ターンを行う。"
PR-030,ルシフェル,ニュートラル,フォロワー,天使・堕天使,7,6,7,"【進化】【コスト0】：これは進化する。
【守護】
自分のエンドフェイズが来たとき、自分のリーダーは【体力】+4する。"
PR-031,ウォーターフェアリー,エルフ,フォロワー・エボルヴ,妖精,-,2,2,"【進化時】『フェアリー』1体を出す。
【ラストワード】『フェアリー』1枚をEXエリアに置く。"
PR-032,エイシンフラッシュ,エルフ,フォロワー,ウマ娘,3,3,3,"【食事】【コスト1】：これは出走する。
【出走時】これは【攻撃力】+1/【体力】+1する。相手のフォロワー1体まで選ぶ。それを手札に戻す。（手札に戻ったトークンはゲームから取り除く）"
PR-033,オースレスナイト,ロイヤル,フォロワー・エボルヴ,兵士,-,3,1,【指定攻撃】
PR-034,検証、開始,ロイヤル,スペル,ウマ娘・BNW,1,-,-,下記から1つチョイスする。【1】自分のデッキの上2枚を見る。その中から、ウマ娘・カード1枚を公開して手札に加えてよい。残りを好きな順にデッキの下に置く。【2】自分の墓場のBNW・フォロワー1枚を選ぶ。それを手札に加える。
PR-035,見習い魔女と長い夜,ウィッチ,スペル,ウマ娘,1,-,-,相手のフォロワー1体を選ぶ。それに2ダメージ。自分の場に出走したフォロワーがいるなら、代わりに3ダメージ。
PR-036,海剣竜,ドラゴン,フォロワー,海洋,4,4,4,【ファンファーレ】【覚醒】状態なら、これは【疾走】を持つ。
PR-037,タマモクロス,ドラゴン,フォロワー,ウマ娘,2,2,1,"【食事】【コスト1】：これは出走する。
【出走時】これは【攻撃力】+1/【体力】+1する。相手のフォロワー1体まで選ぶ。それに2ダメージ。"
PR-038,雨の独奏、私の独創,ナイトメア,スペル,ウマ娘,4,-,-,"これをプレイする際、自分の墓場のウマ娘・カードが10枚以上なら、コストを-2する。
相手のフォロワー1体を選ぶ。それを破壊する。"
PR-039,運の行方,ビショップ,アミュレット,ウマ娘,4,-,-,"【ファンファーレ】相手のフォロワー1体を選ぶ。それを破壊する。
【起動】これを【アクト】墓場に置く：自分のデッキの上1枚を見る。その中から、コスト7のカード1枚を公開して手札に加えてよい。"
PR-040,壱百満天原サロメ,ロイヤル,リーダー,-,-,-,-,
PR-041,壱百満天原サロメ,ロイヤル,リーダー,-,-,-,-,
PR-042,フェアリーサークル,エルフ,スペル,妖精,1,-,-,"『フェアリー』3枚をEXエリアに置く。
―――――――――――――――
『フェアリー』【エルフ】妖精・フォロワー【コスト1】【攻撃力】1/【体力】1"
PR-043,聖なる願い,ビショップ,アミュレット,信仰,1,-,-,"【起動】これを【アクト】墓場に置く：1枚引く。
【起動】【コスト2】これを【アクト】墓場に置く：2枚引く。"
PR-044,レオニダス,ロイヤル,フォロワー,指揮官,6,5,6,【進化】【コスト1】：これは進化する。
PR-045,クリスタリアプリンセス・ティア,エルフ,フォロワー,クリスタリア・プリンセス,2,1,1,"【進化】【コスト1】：これは進化する。
【ファンファーレ】【コンボ_3】『クリスタリア・イヴ』1体を出す。
―――――――――――――――
『クリスタリア・イヴ』【エルフ】クリスタリア・フォロワー【コスト4】【攻撃力】4/【体力】4"
PR-046,クリスタリアプリンセス・ティア,エルフ,フォロワー・エボルヴ,クリスタリア・プリンセス,-,2,2,【進化時】自分の『クリスタリア・イヴ』1体を選ぶ。それは【攻撃力】+1/【体力】+1して、【突進】を持つ。
PR-047,烈火の魔弾,ニュートラル,スペル,傭兵,2,-,-,相手のフォロワー1体を選ぶ。それに3ダメージ。それがエボルヴフォロワーなら、代わりに4ダメージ。
PR-048,ダークアリス,ナイトメア,フォロワー,魔界・童話,6,6,6,"【突進】
【攻撃時】相手プレイヤーすべては、自身の手札1枚を捨てる。
【ラストワード】デッキの上10枚を消滅：これを場に出す。自分の手札1枚を捨てる。"
PR-049,バハムート,ニュートラル,フォロワー,大神・超克,9,9,9,"【進化】【コスト0】：これは進化する。
相手の場のフォロワーが2体以上なら、これは相手のリーダーを攻撃できない。
【ファンファーレ】他のフォロワーすべてを破壊する。"
PR-050,ナックルドラゴン・ドラグニル,ドラゴン,フォロワー・エボルヴ,竜族・武装,-,4,4,【進化時】相手のフォロワー1体を選ぶ。それに2ダメージ。自分の場に他の武装・フォロワーがいるなら、代わりに4ダメージ。
PR-051,フェアリープリンセス・アリア,エルフ,フォロワー,妖精・プリンセス,6,5,5,"【守護】
これがいる限り、自分の他の妖精・フォロワーすべては【突進】を持つ。
【ファンファーレ】『フェアリー』9枚の中から、好きな枚数を場に出す。好きな枚数をEXエリアに置く。"
PR-052,にんじん,ニュートラル,スペル・エボルヴ,-,-,-,-,"食事することで、そのウマ娘・フォロワーは出走する。
----------
これはエボルヴデッキに10枚まで入れることができる。"
PR-053,フラワープリンセス,エルフ,フォロワー,プリンセス・童話,2,2,3,"【ファンファーレ】『フェアリー』1枚をEXエリアに置く。【コンボ_3】これに童話カウンター1つを置く。
【起動】これを【アクト】これの童話カウンター1つを取る：相手のフォロワー1体を選ぶ。それに3ダメージ。
―――――――――――――――
『フェアリー』【エルフ】妖精・フォロワー【コスト1】【攻撃力】1/【体力】1"
PR-054,ヒロイックエントリー！,ロイヤル,スペル,兵士・ヒーロー,3,-,-,自分のデッキの上4枚を見る。その中から、コスト3以下の【ロイヤル】フォロワー1枚を場に出してよい。残りを好きな順にデッキの下に置く。それがヒーロー・フォロワーなら、それは【攻撃力】+1/【体力】+1する。
PR-055,マジカルルーク,ウィッチ,フォロワー,チェス,1,2,2,"【ファンファーレ】自分のEXエリアに『マジカルポーン』があるなら、これは【体力】+1して、【守護】を持つ。
―――――――――――――――
『マジカルポーン』【ウィッチ】チェス・フォロワー【コスト1】【攻撃力】2/【体力】1"
PR-056,ドラゴサモナー,ドラゴン,フォロワー・エボルヴ,竜使い・ドラゴニュート,-,2,4,【進化時】自分のデッキの上3枚を見る。その中から、【ドラゴン】フォロワー1枚を公開して手札に加えてよい。残りを好きな順にデッキの下に置く。
PR-057,灼熱の嵐,ドラゴン,スペル,竜族,5,-,-,フォロワーすべてに5ダメージ。
PR-058,パンクデビル・デモニア,ナイトメア,フォロワー,魔界,2,2,3,"【守護】
【ラストワード】自分のリーダーは【体力】+2する。
【起動】リーダーの【体力】-2：これは【必殺】を持つ。この能力は1ターンに1回使える。"
PR-059,鳥飼いの使徒,ビショップ,フォロワー,信仰・鳥族,4,5,4,"【守護】
【ファンファーレ】アミュレット1つを【アクト】：『ホーリーファルコン』1体を出す。
―――――――――――――――
『ホーリーファルコン』【ビショップ】鳥族・フォロワー【コスト3】【攻撃力】2/【体力】2【疾走】"
PR-060,ダークオファリング,ビショップ,スペル,狂信,1,-,-,自分の場のカード1枚を選ぶ。それを破壊する。自分のリーダーは【体力】+3する。1枚引く。
PR-061,反転する翼,ニュートラル,スペル,天使・堕天使,1,-,-,下記から1つチョイスする。【1】手札の天使・フォロワー1枚を捨てる：相手のフォロワー1体を選ぶ。それを破壊する。【2】手札の堕天使・フォロワー1枚を捨てる：自分のリーダーは【体力】+3する。1枚引く。
PR-062,ルナルの魔術師・プリス,ウィッチ,フォロワー,魔法使い・学院,4,4,5,"【ファンファーレ】【土の秘術】これは【疾走】を持つ。
【ファンファーレ】【スペルチェイン_7】相手のフォロワーすべてに4ダメージ。"
PR-063,赤ずきん・メイジー,ロイヤル,フォロワー,暗殺者・童話,2,1,1,"【ファンファーレ】自分の場に他の童話・フォロワーがいるなら、これに童話カウンター1つを置く。
【起動】【コスト1】これを【アクト】これの童話カウンター1つを取る：相手のフォロワー1体を選ぶ。それを破壊する。"
PR-064,ベルエンジェル,ニュートラル,フォロワー,天使,1,0,2,"【進化】【コスト2】：これは進化する。
【守護】
【ラストワード】1枚引く。"
PR-065,収穫祭,エルフ,アミュレット,エルフ族,1,-,-,"これが場を離れたとき、1枚引く。
【起動】【コスト1】これを【アクト】墓場に置く：自分のリーダーは【体力】+1する。"
PR-066,剣豪,ロイヤル,フォロワー,兵士,1,2,1,"【ファンファーレ】相手のフォロワー1体を選ぶ。それをアクトする。
【起動】これを【アクト】：相手のフォロワー1体を選ぶ。それをアクトする。"
PR-067,フレイムデストロイヤー,ウィッチ,フォロワー,魔法生物,9,7,7,"これをプレイする際、【スペルチェイン_5】コストを-3する。【SC_10】代わりに-6する。【SC_15】代わりに-9する。
【突進】"
PR-068,ドラゴンテイマー,ドラゴン,フォロワー,竜使い,2,2,2,"【進化】【コスト1】：これは進化する。
【ファンファーレ】1枚引く。自分の手札1枚を捨てる。"
PR-069,アルカード,ナイトメア,フォロワー,吸血鬼,7,4,4,"【疾走】
【攻撃時】相手のフォロワー1体を選ぶ。それに4ダメージ。自分のリーダーは【体力】+4する。
【ファンファーレ】【ネクロチャージ_10】これは【攻撃力】+2する。"
PR-070,守護の陽光,ビショップ,アミュレット,信仰,1,-,-,"【ファンファーレ】自分のフォロワー1体を選ぶ。それは【守護】を持つ。
【起動】【コスト2】これを【アクト】墓場に置く：【守護】を持つ自分のフォロワー1体を選ぶ。それは【攻撃力】+2/【体力】+2する。"
PR-071,卵の大爆発,ニュートラル,スペル,童話,3,-,-,フォロワーすべてと相手のリーダーすべてにXダメージ。Xは「自分の墓場の『卵の大爆発』『ハンプティダンプティ』の合計+1」である。（Xにこれは含めない）
PR-072,神秘の番人・スピネ,エルフ,フォロワー,超克,5,3,5,"【守護】
【ファンファーレ】自分のデッキの上4枚を見る。その中から、【エルフ】フォロワーと【エルフ】スペルそれぞれ1枚まで公開して手札に加えてよい。残りを好きな順にデッキの下に置く。【コンボ_3】自分のPPを3回復する。"
PR-073,冥焔の右腕・ミミ,ナイトメア,スペル・トークン,魔界,0,-,-,相手のフォロワー1体を選ぶ。それに2ダメージ。
PR-074,冥焔の左腕・ココ,ナイトメア,スペル・トークン,魔界,0,-,-,自分のフォロワー1体を選ぶ。それは【攻撃力】+2する。
PR-075,妖精の調べ,エルフ,スペル,妖精,2,-,-,"『フェアリー』1体を出す。【コンボ_3】自分の【エルフ】フォロワーすべては【攻撃力】+1/【体力】+1する。
―――――――――――――――
『フェアリー』【エルフ】妖精・フォロワー【コスト1】【攻撃力】1/【体力】1"
PR-076,森の音楽隊,エルフ,アミュレット,獣・童話,1,-,-,"【ファンファーレ】自分のデッキの上4枚を見る。その中から、童話・フォロワー1枚をEXエリアに置いてよい。残りを好きな順にデッキの下に置く。
【起動】これを【アクト】墓場に置く：自分の童話・フォロワー1体を選ぶ。それに童話カウンター1つを置く。"
PR-077,宝杖の司令官,ロイヤル,フォロワー,指揮官,3,3,2,【ファンファーレ】自分のデッキから【ロイヤル】フォロワー1枚を探し、手札に加える。
PR-078,マジカルビショップ,ウィッチ,フォロワー,チェス,2,1,2,"自分のエンドフェイズが来たとき、自分の場に他のチェス・フォロワーがいるなら、相手のリーダーすべてに1ダメージ。自分のリーダーは【体力】+1する。
【ファンファーレ】『マジカルポーン』1枚をEXエリアに置く。
―――――――――――――――
『マジカルポーン』【ウィッチ】チェス・フォロワー【コスト1】【攻撃力】2/【体力】1"
PR-079,竜を育む者・マチルダ,ドラゴン,フォロワー,竜使い,1,1,2,【起動】【コスト1】これを【アクト】墓場に置く：自分のデッキの上3枚を見る。その中から、コスト3以下の【ドラゴン】フォロワー1枚を公開して手札に加えてよい。残りを好きな順にデッキの下に置く。
PR-080,スパルトイサージェント,ナイトメア,フォロワー,死者,2,2,3,【ファンファーレ】自分のデッキの上2枚を墓場に置く。
PR-081,スケルトンファイター,ナイトメア,フォロワー,死者,1,2,2,【ファンファーレ】【真紅】状態なら、これは【攻撃力】+1/【体力】+1する。
PR-082,アンドロメダ,ビショップ,フォロワー,星神・プリンセス,1,2,2,【ファンファーレ】このターン、自分のリーダーと自分のフォロワーすべては「能力によるダメージを受けない」を持つ。
PR-083,純心の歌い手,ニュートラル,フォロワー,シンガー,3,1,2,【ファンファーレ】【ラストワード】1枚引く。
PR-084,スターフェニックス,ドラゴン,フォロワー,不死鳥・星神,3,2,2,"【進化】【コスト1】：これは進化する。
自分のターン中、自分が【ドラゴン】スペルをプレイしたとき、【コスト1】：自分の墓場のこれを場に出す。"
PR-085,スターフェニックス,ドラゴン,フォロワー・エボルヴ,不死鳥・星神,-,4,4,【攻撃時】相手のフォロワー1体を選ぶ。それに2ダメージ。
PR-086,黄金都市の姫・リテュエル,ビショップ,フォロワー,信仰・プリンセス,4,3,3,"【進化】【コスト1】：これは進化する。
【ファンファーレ】自分のリーダーに2ダメージ。自分のデッキの上2枚を墓場に置く。1枚引く。"
PR-087,黄金都市の姫・リテュエル,ビショップ,フォロワー・エボルヴ,信仰・プリンセス,-,4,4,【進化時】相手のフォロワー1体を選ぶ。それを消滅させる。
PR-088,エルフプリンセスメイジ,エルフ,フォロワー,エルフ族・プリンセス,3,3,3,【進化】【コスト1】：これは進化する。
PR-089,フローラルフェンサー,ロイヤル,フォロワー,兵士,3,3,3,【進化】【コスト1】：これは進化する。
PR-090,ペンギンウィザード,ウィッチ,フォロワー,魔法生物,2,1,4,"【進化】【コスト1】：これは進化する。
【起動】これを【アクト】手札のスペル1枚を捨てる：1枚引く。"
PR-091,ドラゴンウォーリア,ドラゴン,フォロワー,竜族,3,3,3,【進化】【コスト1】：これは進化する。
PR-092,リリム,ナイトメア,フォロワー,魔界,2,2,2,"【進化】【コスト1】：これは進化する。
【ファンファーレ】『フォレストバット』1枚をEXエリアに置く。
―――――――――――――――
『フォレストバット』【ナイトメア】吸血鬼・フォロワー【コスト1】【攻撃力】1/【体力】1"
PR-093,鉄槌の僧侶,ビショップ,フォロワー,信仰,3,3,3,【進化】【コスト1】：これは進化する。
PR-094,オシャレ女王・ネルシャ,エルフ,フォロワー,エルフ族,2,2,3,【起動】これを【アクト】：【コンボ_3】下記から1つチョイスする。【1】自分の他のフォロワー1体を選ぶ。それは【攻撃力】+2/【体力】+2する。【2】相手のフォロワー1体を選ぶ。それは【攻撃力】-2/【体力】-2する。
PR-095,デウスエクスマキナ,ビショップ,フォロワー,先導・超克,5,4,6,自分のエンドフェイズが来たとき、下記から1つチョイスする。【1】自分の手札すべてを捨てる。4枚引く。【2】自分のPPを4回復する。
PR-096,飢餓の絶傑・ギルネリーゼ,ニュートラル,フォロワー,絶傑,4,3,5,"【ドレイン】
自分が【ニュートラル】カードをプレイしたとき、相手のリーダーすべてに1ダメージ。
【ファンファーレ】【コスト3】：自分のデッキから『飢餓の使徒』1枚と『飢餓の輝き』1枚を探し、EXエリアに置く。
【ファンファーレ】自分と相手のPP最大値が10なら、3枚引く。"
PR-097,ケルベロス,ナイトメア,フォロワー,魔界,4,3,3,"【進化】【コスト2】：これは進化する。
【ファンファーレ】『冥焔の右腕・ミミ』1枚か『冥焔の左腕・ココ』1枚をEXエリアに置く。【ネクロチャージ_10】代わりに1枚ずつ置く。"
PR-098,テミスの審判,ビショップ,スペル,信仰,5,-,-,フォロワーすべてを破壊する。
PR-099,ヘヴンリーイージス,ビショップ,フォロワー,信仰・偶像,8,8,8,"【進化】【コスト2】：これは進化する。
【進化】手札3枚を捨てる：これは進化する。
【オーラ】
これは能力によって破壊されない。（交戦か能力によるダメージでは破壊される）"
PR-100,博衣こより,ウィッチ,リーダー,-,-,-,-,
PR-101,沙花叉クロヱ,ドラゴン,リーダー,-,-,-,-,
PR-102,ローズガーデンキーパー,エルフ,フォロワー・エボルヴ,植物族,-,4,4,【進化時】相手のフォロワー1体を選ぶ。それを手札に戻す。【コンボ_3】1枚引く。（手札に戻ったトークンはゲームから取り除く）
PR-103,フローラルフェンサー,ロイヤル,フォロワー・エボルヴ,兵士,-,4,4,【進化時】『スティールナイト』1体と『ナイト』1体を出す。
PR-104,ペンギンウィザード,ウィッチ,フォロワー・エボルヴ,魔法生物,-,2,5,"【進化時】これをスタンドする。
【起動】これを【アクト】手札のスペル1枚を捨てる：1枚引く。"
PR-105,ドラゴンウォーリア,ドラゴン,フォロワー・エボルヴ,竜族,-,4,4,【進化時】相手のフォロワー1体を選ぶ。それに3ダメージ。
PR-106,悪戯なネクロマンサー,ナイトメア,フォロワー・エボルヴ,死霊術師,-,4,4,"【進化時】『ゴースト』3体を出す。
―――――――――――――――
『ゴースト』【ナイトメア】死者・フォロワー【コスト1】【攻撃力】1/【体力】1【疾走】自分のエンドフェイズが来たとき、これは消滅する。"
PR-107,鉄槌の僧侶,ビショップ,フォロワー・エボルヴ,信仰,-,4,4,【進化時】体力3以下の相手のフォロワー1体を選ぶ。それを消滅させる。
PR-108,フェアリー,エルフ,フォロワー・トークン,妖精,1,1,1,
PR-109,ナイト,ロイヤル,フォロワー・トークン,兵士,1,1,1,
PR-110,スティールナイト,ロイヤル,フォロワー・トークン,兵士,2,2,2,
PR-111,攻撃型ゴーレム,ウィッチ,フォロワー・トークン,ゴーレム,2,3,2,【突進】
PR-112,防御型ゴーレム,ウィッチ,フォロワー・トークン,ゴーレム,2,2,3,【守護】
PR-113,ドラゴン,ドラゴン,フォロワー・トークン,竜族,4,5,5,
PR-114,ゴースト,ナイトメア,フォロワー・トークン,死者,1,1,1,【疾走】
PR-115,フォレストバット,ナイトメア,フォロワー・トークン,吸血鬼,1,1,1,
PR-116,ホーリーファルコン,ビショップ,フォロワー・トークン,鳥族,3,2,2,【疾走】
PR-117,ホーリータイガー,ビショップ,フォロワー・トークン,獣,4,4,4,【突進】
PR-118,妖精の奔流,エルフ,スペル,妖精,1,-,-,自分の場の妖精・フォロワー2体まで選ぶ。それをEXエリアに置く。これによってEXエリアに置いたなら、自分のリーダーは【体力】+2する。
PR-119,円卓会議,ロイヤル,スペル,指揮官・円卓,1,-,-,下記から1つチョイスする。【1】自分のデッキから円卓・フォロワー1枚を探し、手札に加える。【2】自分の円卓・フォロワー1体を選ぶ。それは【攻撃力】+1/【体力】+2する。
PR-120,疾風怒濤,ロイヤル,スペル,兵士,1,-,-,相手のフォロワー1体を選ぶ。それに「自分の場のフォロワーの数」と同じダメージ。
PR-121,お菓子の家,ウィッチ,アミュレット,土の印・童話,1,-,-,"【スタック】
【ファンファーレ】自分のリーダーは【体力】+3する。"
PR-122,カースドストーン,ドラゴン,フォロワー・エボルヴ,巨人・超克,-,3,3,"【守護】
【進化時】相手の場のフォロワー1体を選ぶ。このターンと次の相手のターン中、それは能力すべてを失う。それは相手を攻撃できない。"
PR-123,竜の怒り,ドラゴン,スペル,竜族,3,-,-,相手のフォロワー1体を選ぶ。それに5ダメージ。【覚醒】状態なら、1枚引く。
PR-124,蠢く死霊,ナイトメア,フォロワー,死者,1,2,1,【ファンファーレ】リーダーすべてに1ダメージ。
PR-125,ブリキの兵隊,ビショップ,フォロワー,偶像・童話,3,3,4,"【ファンファーレ】これが手札以外から場に出ていたなら、これに童話カウンター1つを置く。
【起動】これの童話カウンター1つを取る：相手のリーダー1人か相手のフォロワー1体を選ぶ。それに2ダメージ。"
PR-126,鋼鉄の壊し屋,ニュートラル,フォロワー,傭兵・超克,2,2,3,【ファンファーレ】EXエリアのカード1枚を消滅：相手のリーダー1人か相手の場のフォロワー1体を選ぶ。それに2ダメージ。
PR-127,造られし獣人・サフィラ,ウィッチ,フォロワー,魔法生物・禁忌,4,2,6,"【突進】
【ファンファーレ】これは【攻撃力】+Xする。Xは「自分の墓場の【ウィッチ】フォロワーの数」である。
【起動】【コスト5】：これは【疾走】を持つ。"
PR-128,爆砕の傭兵・フィーナ,ニュートラル,フォロワー,傭兵,2,3,2,【ファンファーレ】下記から1つチョイスする。【1】自分のデッキの上5枚を見る。その中から、元のコスト1のフォロワー1枚を公開して手札に加えてよい。残りを好きな順にデッキの下に置く。【2】元のコスト1の相手の場のフォロワー1体を選ぶ。それを破壊する。
PR-129,アサルトジャガー,エルフ,フォロワー,狩人,3,4,1,"【突進】
【ラストワード】自分のデッキの上2枚を見る。その中から、狩人・カード1枚を公開して手札に加えてよい。残りを墓場に置く。"
PR-130,密林の守人,エルフ,フォロワー,狩人,2,3,2,"【守護】
【ファンファーレ】自分のデッキの上1枚を墓場に置く。その後、自分の墓場の狩人・カードが3枚以上なら、これは【体力】+1する。"
PR-131,シーフガール,ロイヤル,フォロワー,盗賊,2,3,2,【ファンファーレ】下記から1つチョイスする。【1】相手のデッキの上1枚を墓場に置く。【2】1枚引く。自分の手札1枚を捨てる。
PR-132,式神の使役,ウィッチ,スペル,陰陽師,2,-,-,"『形代』1体を出す。自分の墓場の陰陽師・カードやスペルが7枚以上なら、1枚引く。
―――――――――――――――
『形代』【ウィッチ】式神・フォロワー【コスト2】【攻撃力】2/【体力】2【ラストワード】1枚引く。自分の手札1枚を捨てる。"
PR-133,ドラゴンの卵,ドラゴン,アミュレット,竜族,1,-,-,【起動】これを【アクト】墓場に置く：自分のリーダーは【体力】+2する。【覚醒】状態なら、1枚引く。
PR-134,火車,ナイトメア,フォロワー,妖怪,2,3,1,【ファンファーレ】下記から1つチョイスする。【1】相手の場のフォロワー1体を選ぶ。それに1ダメージ。自分のデッキの上1枚を墓場に置く。【2】自分の墓場の「これと同名を除く妖怪・フォロワー」1枚を選ぶ。それを手札に加える。
PR-135,ブーストキッカー,ビショップ,フォロワー,信仰,2,2,2,"自分のエンドフェイズが来たとき、自分のPPを1回復する。
【ファンファーレ】【コストX】：相手の場のフォロワーすべてにXダメージ。"
PR-136,重力の柔術士,ビショップ,フォロワー,信仰,3,3,3,"自分のエンドフェイズが来たとき、自分の残りPPが2以上なら、『ミスティックアーティファクト』1体を出す。
―――――――――――――――
『ミスティックアーティファクト』【ニュートラル】超克・フォロワー【コスト3】【攻撃力】2/【体力】3【守護】【ファンファーレ】1枚引く。"
PR-137,ハンプティダンプティ,ニュートラル,フォロワー・エボルヴ,童話,-,4,4,【進化時】フォロワーすべてに5ダメージ。相手のリーダーすべてに3ダメージ。自分の手札すべてを捨てる。
PR-138,魔導の巨兵,ウィッチ,フォロワー,ゴーレム・禁忌,5,5,5,"【ファンファーレ】【土の秘術】相手の場のフォロワー1体を選ぶ。それに5ダメージ。
【ラストワード】【土の秘術】相手のリーダーすべてに3ダメージ。"
PR-139,仁義の悪魔・ユヅキ,ナイトメア,フォロワー,魔界,6,5,5,"【必殺】
【ファンファーレ】相手プレイヤーすべては、自身の場のフォロワー1体を墓場に置く。【ネクロチャージ_10】代わりに2体。
【起動】【コスト3】手札のこれを捨てる：相手の場のフォロワー1体を選ぶ。それに5ダメージ。自分のデッキの上1枚を墓場に置く。"
PR-140,ハンプティダンプティ,ニュートラル,フォロワー,童話,3,3,3,【進化】【コスト0】：これは進化する。
PR-141,貴族の舞踏,ロイヤル,スペル,貴族・ダンサー,6,-,-,自分のデッキの上5枚を見る。その中から、元のコスト3以下の【ロイヤル】フォロワーを元のコストの合計が7以下になるように好きな枚数場に出してよい。残りを好きな順にデッキの下に置く。
PR-142,キングエレファント,エルフ,フォロワー・エボルヴ,狩人・獣,-,1,1,"【疾走】
これは【守護】を無視して攻撃できる。
【進化時】これは【攻撃力】+X/【体力】+Xする。Xは「自分の手札の枚数」である。"
PR-143,工藤忍,エルフ,フォロワー,デレマス・キュート,4,2,2,【ファンファーレ】自分のデッキから元のコスト1のデレマス・フォロワーや元のコスト1のデレマス・アミュレットをカード名が異なるように2枚まで探し、場に出す。
PR-144,双葉杏,ロイヤル,フォロワー,デレマス・キュート,1,3,2,"これは自分のスタートフェイズにスタンドしない。
自分のメインフェイズが来たとき、【コスト2】：これをスタンドする。
【ファンファーレ】自分の場のデレマス・フォロワーが2体以下なら、これをアクトする。"
PR-145,トキメキ☆ホーダイ,ロイヤル,スペル,デレマス・クール,1,-,-,自分のデッキの上2枚を見る。その中から、クール・カードかパッション・カード1枚を公開して手札に加えてよい。残りを好きな順にデッキの下に置く。
PR-146,小早川紗枝,ウィッチ,フォロワー,デレマス・キュート,1,1,2,【ファンファーレ】自分の場の他のデレマス・フォロワー1体を選ぶ。それは【攻撃力】+1/【体力】+1する。
PR-147,おしゃまなコアクマ,ウィッチ,スペル,デレマス・クール,1,-,-,相手の場のフォロワー1体を選ぶ。それに2ダメージ。自分の場のデレマス・フォロワーが3体以上なら、代わりに3ダメージ。
PR-148,夢見りあむが見た夢,ドラゴン,スペル,デレマス・パッション,2,-,-,"これをプレイする際、コストを+Xする。Xは「場のフォロワーの数」である。
場のフォロワーすべてに7ダメージ。"
PR-149,美味しく､食べて……?,ナイトメア,スペル,デレマス・クール,2,-,-,相手の場のフォロワー1体を選ぶ。それに3ダメージ。元のコスト1以下の自分の場のフォロワーすべては【攻撃力】+1する。
PR-150,的場梨沙,ビショップ,フォロワー,デレマス・パッション,3,2,2,【ファンファーレ】自分のデッキの上3枚を見る。その中から、元のコスト2以下のデレマス・フォロワー1枚を場に出してよい。残りを好きな順にデッキの下に置く。
PR-151,ナターリア,ビショップ,フォロワー,デレマス・パッション,2,1,3,"【疾走】
【ファンファーレ】相手の場のフォロワー1体を選ぶ。それに「自分の場の他のパッション・フォロワーの数」と同じダメージ。"
PR-152,前川みく,エルフ,フォロワー,デレマス・キュート,2,3,1,"【攻撃時】相手の場のフォロワー1体を選ぶ。それに2ダメージ。
【起動】【コスト1】【レッスン_1】：これは【疾走】を持つ。"
PR-153,久川凪,ロイヤル,フォロワー,デレマス・パッション,4,4,4,"【ファンファーレ】墓場の元のコスト1のカード2枚を消滅：下記から2つまでチョイスする。【1】相手の場のフォロワー1体を選ぶ。それを破壊する。【2】相手のリーダーすべてに2ダメージ。【3】1枚引く。自分の手札1枚を捨てる。
【起動】【コスト1】【レッスン_1】：これは【突進】を持つ。"
PR-154,鷺沢文香,ドラゴン,フォロワー,デレマス・クール,7,4,4,"自分の場に他のデレマス・フォロワーが出たとき、相手の場のフォロワー1体を選ぶ。それに2ダメージ。
【ファンファーレ】自分のデッキから元のコスト3のフォロワー1枚と元のコスト1のフォロワー1枚を探し、場に出す。"
PR-155,魔法の靴,ニュートラル,スペル・トークン,デレマス,4,-,-,"自分のリーダーは【体力】+1する。1枚引く。
----------
（※バトル開始時、自分のデッキ構築が「アイドルマスター シンデレラガールズ」タイトル構築なら、『魔法のアイテム』5枚をEXエリアに置く）"
PR-156,魔法のドレス,ニュートラル,スペル・トークン,デレマス,4,-,-,"自分のリーダーは【体力】+1する。1枚引く。
----------
（※バトル開始時、自分のデッキ構築が「アイドルマスター シンデレラガールズ」タイトル構築なら、『魔法のアイテム』5枚をEXエリアに置く）"
PR-157,フェアリードラゴン,エルフ,フォロワー,妖精・精霊,2,0,4,"【守護】
【ファンファーレ】これは【攻撃力】+Xする。Xは「自分の場と自分のEXエリアの妖精・トークンの枚数の合計」である。
【ラストワード】『フェアリーウィスプ』1枚と『フェアリー』1枚をEXエリアに置く。
―――――――――――――――
『フェアリーウィスプ』【エルフ】妖精・フォロワー【コスト0】【攻撃力】1/【体力】1
『フェアリー』【エルフ】妖精・フォロワー【コスト1】【攻撃力】1/【体力】1"
PR-158,レオニダス,ロイヤル,フォロワー・エボルヴ,指揮官,-,6,7,"【進化時】相手のフォロワー1体を選ぶ。それとこれに5ダメージ。
【ラストワード】『レオニダスの遺志』1つを出す。
―――――――――――――――
『レオニダスの遺志』【ロイヤル】指揮官・アミュレット【コスト8】自分の場に【ロイヤル】フォロワーが出たとき、それは【攻撃力】+3/【体力】+3して、【突進】を持つ。"
PR-159,カースエンチャンター,ウィッチ,フォロワー,陰陽師,4,2,2,"【進化】【コスト1】：これは進化する。
【ファンファーレ】『形代』1体を出す。
【起動】場の式神・フォロワー1体を墓場に置く：相手の場のフォロワー1体を選ぶ。それに4ダメージ。このターン、これの【進化】を除く【起動】能力を使えない。
―――――――――――――――
『形代』【ウィッチ】式神・フォロワー【コスト2】【攻撃力】2/【体力】2【ラストワード】1枚引く。自分の手札1枚を捨てる。"
PR-160,ジェネシスドラゴン,ドラゴン,フォロワー,竜族,9,10,12,【疾走】
PR-161,魔将軍・ヘクター,ナイトメア,フォロワー,死者,7,5,6,"これがいる限り、自分の【ナイトメア】フォロワーすべては【突進】を持つ。
【ファンファーレ】【ネクロチャージ_10】自分の墓場のコスト2以下の【ナイトメア】フォロワー2枚まで選ぶ。それを場に出す。自分の他のフォロワーすべては【攻撃力】+1/【体力】+1する。【NC_20】代わりに【攻撃力】+3/【体力】+3する。"
PR-162,カグヤ,ビショップ,フォロワー,信仰,5,4,4,"【進化】【コスト2】：これは進化する。
自分の場にアミュレットが出たとき、相手のフォロワー1体を選ぶ。それにXダメージ。Xは「出たアミュレットのコスト」である。
【ファンファーレ】自分の手札のコスト3以下のアミュレット1枚を選ぶ。それを場に出す。"
PR-163,神弓の座天使・リリエル,ニュートラル,フォロワー,天使,3,2,5,"これがいる限り、自分のリーダーは能力によるダメージを受けない。
【Q】【起動】これを【アクト】：相手のリーダーすべてに2ダメージ。"
PR-164,大妖狐・ギンセツ,ナイトメア,フォロワー,挑戦者・妖怪,6,1,5,"【進化】【コスト1】：これは進化する。
【ファンファーレ】『一ツ尾狐』5枚をEXエリアに置く。
―――――――――――――――
『一ツ尾狐』【ナイトメア】妖怪・フォロワー【コスト2】【攻撃力】1/【体力】3【突進】【守護】"
PR-165,陰陽の開祖・クオン,ウィッチ,フォロワー,挑戦者・陰陽師,15,5,5,"これをプレイする際、コストを-Xする。Xは「自分の墓場の陰陽師・カードやスペルの枚数の合計」である。
【ファンファーレ】自分の場に『天后』がいないなら、『天后』1体を出す。
【起動】これを【アクト】：自分の場の式神・フォロワー2体まで選ぶ。それは【疾走】を持つ。"
PR-166,エンジェルスナイプ,ニュートラル,スペル,天使,1,-,-,相手のフォロワー1体を選ぶ。それに2ダメージ。
PR-167,ダークドラグーン・フォルテ,ドラゴン,フォロワー,竜使い,4,5,1,"【進化】【コスト2】：これは進化する。
【疾走】"
PR-168,バイヴカハ,ニュートラル,フォロワー,大神・光輝,3,2,3,"【進化】【コスト2】：これは進化する。
【ファンファーレ】下記から1つチョイスする。【1】自分の場の他のフォロワー1体を選ぶ。それは【攻撃力】+1/【体力】+1する。【2】自分のリーダーは【体力】+2する。【3】自分のデッキの上3枚を見る。その中から、好きな枚数を好きな順にデッキの上に置く。残りを好きな順にデッキの下に置く。"
PR-169,スケアリートレント,エルフ,フォロワー,自然・植物族,2,2,3,"【ファンファーレ】『ナテラの大樹』1枚をEXエリアに置く。
【起動】場の『ナテラの大樹』1つを消滅：自分のリーダーは【体力】+3する。この能力は1ターンに1回使える。
―――――――――――――――
『ナテラの大樹』【ニュートラル】自然・アミュレット【コスト1】これが場を離れたとき、1枚引く。自分の手札を1枚捨てる。【起動】【コスト1】これを墓場に置く。"
PR-170,躍動する獣戦士,ロイヤル,フォロワー,自然・兵士・獣,3,4,3,【ファンファーレ】場の『ナテラの大樹』1つを【アクト】：これは【疾走】を持つ。
PR-171,機械生命体,ウィッチ,フォロワー,機械・禁忌,2,3,1,"ターンごとに1回、自分が機械・カードをプレイしたとき、1枚引く。
【ファンファーレ】『リペアモード』1枚をEXエリアに置く。
―――――――――――――――
『リペアモード』【ニュートラル】機械・スペル【コスト1】自分のリーダーは【体力】+1する。"
PR-172,魔女の雷撃,ウィッチ,スペル,魔法使い,3,-,-,相手のフォロワー1体を選ぶ。それに5ダメージ。自分の場にエボルヴフォロワーがいるなら、1枚引く。
PR-173,旋風のプテラノドン,ドラゴン,フォロワー,自然・竜族,3,3,2,"【ファンファーレ】場の『ナテラの大樹』1つを消滅：自分のPP最大値を+1する。
【ラストワード】『ナテラの大樹』1つを出す。
―――――――――――――――
『ナテラの大樹』【ニュートラル】自然・アミュレット【コスト1】これが場を離れたとき、1枚引く。自分の手札を1枚捨てる。【起動】【コスト1】これを墓場に置く。"
PR-174,ボーンドローン,ナイトメア,フォロワー,機械・死者,2,2,2,"【ラストワード】『プロダクトマシーン』1体を出す。
―――――――――――――――
『プロダクトマシーン』【ニュートラル】機械・フォロワー【コスト1】【攻撃力】1/【体力】1【起動】これを【アクト】場の機械・フォロワー3体を墓場に置く：相手の場のフォロワー1体を選ぶ。それに5ダメージ。"
PR-175,鋭利な一裂き,ナイトメア,スペル,魔界,2,-,-,"自分のリーダーに2ダメージ。
相手のリーダー1人か相手のフォロワー1体を選ぶ。それに3ダメージ。"
PR-176,鉄腕の修道女,ビショップ,フォロワー,機械・信仰,2,2,3,"【守護】
【ファンファーレ】【ラストワード】『リペアモード』1枚をEXエリアに置く。
―――――――――――――――
『リペアモード』【ニュートラル】機械・スペル【コスト1】自分のリーダーは【体力】+1する。"
PR-177,粛清の英雄・メイシア,ニュートラル,フォロワー,超克,2,2,3,"【進化】【コスト2】：これは進化する。
【攻撃時】自分の墓場の元のコスト3以下の【ニュートラル】スペル1枚を選ぶ。それのコストを0にしてプレイする。"
PR-178,荒野の案内人,ニュートラル,フォロワー,自然・傭兵,2,2,3,"【ファンファーレ】『ナテラの大樹』1枚を場かEXエリアに置いてよい。その後、自分の場や自分のEXエリアの自然・カードが5枚以上なら、自分のデッキの上3枚を見る。その中から、自然・カード1枚を公開して手札に加えてよい。残りを好きな順にデッキの下に置く。
―――――――――――――――
『ナテラの大樹』【ニュートラル】自然・アミュレット【コスト1】これが場を離れたとき、1枚引く。自分の手札を1枚捨てる。【起動】【コスト1】これを墓場に置く。"
PR-179,マシンエンジェル,ニュートラル,フォロワー,機械・天使,3,3,3,"【守護】
【ファンファーレ】『プロダクトマシーン』1枚か『リペアモード』1枚をEXエリアに置く。
【起動】これを【アクト】：相手の場のフォロワー1体を選ぶ。それに4ダメージ。この能力は自分の墓場の機械・カードが5枚以上なら使える。"
PR-180,紫紺の抵抗者・エンネア,ナイトメア,フォロワー,機械・魔界,4,2,2,"【ファンファーレ】自分のデッキから元のコスト3以下の機械・フォロワー1枚を探し、場に出す。
【ラストワード】自分のリーダーは【体力】+2する。"
PR-181,獣戦士・セタス,エルフ,フォロワー,獣,5,3,5,"【進化】【コスト2】：これは進化する。
【守護】
自分のエンドフェイズが来たとき、自分のリーダーは【体力】+4する。このターン、自分のフォロワーが場から墓場に置かれていたなら、これは【攻撃力】+2/【体力】+2する。"
PR-182,月の刃・リオード,ロイヤル,フォロワー,暗殺者,2,1,3,"【進化】【コスト2】：これは進化する。
これがスタンド状態である限り、これは【威圧】【オーラ】を持つ。
自分のエンドフェイズが来たとき、相手の場のフォロワー1体を選ぶ。それに1ダメージ。"
PR-183,天外の華・エレノア,ウィッチ,フォロワー,魔法使い,2,2,2,"【進化】【コスト1】：これは進化する。
【ファンファーレ】手札のスペル1枚を捨てる：1枚引く。"
PR-184,華麗なる竜人・マリオン,ドラゴン,フォロワー,ドラゴニュート,1,2,2,"【進化】【コスト1】：これは進化する。
【ファンファーレ】【覚醒】状態なら、自分のデッキの上3枚を見る。その中から、【ドラゴン】フォロワー1枚をEXエリアに置いてよい。残りを好きな順にデッキの下に置く。"
PR-185,バロン・ダブルフィール,ナイトメア,フォロワー,魔界,2,2,2,"【進化】【コスト1】：これは進化する。
【ファンファーレ】自分のデッキの上1枚を墓場に置く。"
PR-186,均衡の光・マーロン,ビショップ,フォロワー,信仰,3,3,3,"【進化】【コスト1】：これは進化する。
【ファンファーレ】各プレイヤーは『リペアモード』1枚をEXエリアに置く。
―――――――――――――――
『リペアモード』【ニュートラル】機械・スペル【コスト1】自分のリーダーは【体力】+1する。"
PR-187,フェアリーウィスプ,エルフ,フォロワー・トークン,妖精,0,1,1,
PR-188,ロイド,エルフ,フォロワー・トークン,人形,0,2,4,"これは場にいる限り、『操り人形』でもある。
【守護】
【ファンファーレ】自分のリーダーは【体力】+2する。"
PR-189,ヴィクトリア,エルフ,フォロワー・トークン,人形・キラー,0,4,1,"これは場にいる限り、『操り人形』でもある。
【突進】【指定攻撃】
【ファンファーレ】1枚引く。"
PR-190,薔薇の一撃,エルフ,スペル・トークン,植物族,2,-,-,相手のリーダー1人か相手のフォロワー1体を選ぶ。それに3ダメージ。1枚引く。
PR-191,竜帝の近衛兵,ドラゴン,フォロワー・トークン,海洋,1,2,1,【突進】
PR-192,操り人形,ニュートラル,フォロワー・トークン,人形,1,1,1,【突進】
PR-193,プロダクトマシーン,ニュートラル,フォロワー・トークン,機械,1,1,1,【起動】これを【アクト】場の機械・フォロワー3体を墓場に置く：相手の場のフォロワー1体を選ぶ。それに5ダメージ。
PR-194,リペアモード,ニュートラル,スペル・トークン,機械,1,-,-,自分のリーダーは【体力】+1する。
PR-195,ナテラの大樹,ニュートラル,アミュレット・トークン,自然,1,-,-,"これが場を離れたとき、1枚引く。自分の手札1枚を捨てる。
【起動】【コスト1】：これを墓場に置く。"
PR-196,クリスタリア・リリィ,エルフ,フォロワー,クリスタリア,2,1,3,"【進化】【コスト2】：これは進化する。
【ファンファーレ】自分のデッキの上2枚を見る。その中から、クリスタリア・フォロワーか妖精・フォロワー1枚を公開して手札に加えてよい。残りを好きな順にデッキの下に置く。"
PR-197,クリスタリア・リリィ,エルフ,フォロワー・エボルヴ,クリスタリア,-,2,4,【進化時】相手のフォロワー1体を選ぶ。それのプレイヤーはそれをデッキの下に置く。
PR-198,心無き決闘,エルフ,スペル,人形・キラー,3,-,-,"自分のEXエリアの『操り人形』2枚を選ぶ。それはそれぞれ『ロイド』と『ヴィクトリア』に変身する。
―――――――――――――――
『ロイド』【エルフ】人形・フォロワー【コスト0】【攻撃力】2/【体力】4これは場にいる限り、『操り人形』でもある。【守護】【ファンファーレ】自分のリーダーは【体力】+2する。
『ヴィクトリア』【エルフ】人形・キラー・フォロワー【コスト0】【攻撃力】4/【体力】1これは場にいる限り、『操り人形』でもある。【突進】【指定攻撃】【ファンファーレ】1枚引く。"
PR-199,ブレスフェアリーダンサー,エルフ,フォロワー,妖精,2,2,3,【ファンファーレ】自分の他の妖精・フォロワーすべてと、自分のEXエリアの妖精・フォロワーすべては【攻撃力】+1/【体力】+1する。
PR-200,紫電の黒豹,ロイヤル,フォロワー,指揮官・獣,4,4,3,"【突進】
【ファンファーレ】自分の墓場の元のコスト2以下の【ロイヤル】フォロワー1枚を選ぶ。それを場に出す。それは【攻撃力】+1する。"
PR-201,真理の発見,ウィッチ,スペル,錬金術師,2,-,-,2枚引く。自分の手札1枚を捨てる。
PR-202,侮蔑の狂信者,ドラゴン,フォロワー,絶傑・竜族・キラー,2,2,2,"自分のターン中、これが能力によるダメージを受けたとき、相手のリーダーすべてに1ダメージ。
【ファンファーレ】場のフォロワーすべてに1ダメージ。"
PR-203,サロメ,ナイトメア,フォロワー,死霊術師・プリンセス,3,1,2,【ファンファーレ】【ラストワード】相手の場のフォロワー1体を選ぶ。それに2ダメージ。自分のリーダーは【体力】+1する。
PR-204,セクメト,ビショップ,フォロワー,信仰・獣,2,2,3,【起動】これを【アクト】場のアミュレット1つを墓場に置く：相手の場のフォロワー1体を選ぶ。それに4ダメージ。それのリーダーに1ダメージ。
PR-205,ワンダーコック,ニュートラル,フォロワー,自然・コック,1,1,2,"【ファンファーレ】『ナテラの大樹』1枚を場かEXエリアに置いてよい。自分のリーダーは【体力】+1する。
【ラストワード】手札の自然・カード1枚を捨てる：1枚引く。
―――――――――――――――
『ナテラの大樹』【ニュートラル】自然・アミュレット【コスト1】これが場を離れたとき、1枚引く。自分の手札1枚を捨てる。【起動】【コスト1】：これを墓場に置く。"
PR-206,メカニカルガンナー,ニュートラル,フォロワー,機械・傭兵,1,1,2,"【ファンファーレ】『プロダクトマシーン』1枚か『リペアモード』1枚をEXエリアに置く。
【ラストワード】手札の機械・カード1枚を捨てる：1枚引く。"
PR-207,片翼の悪魔・ピユラ,ナイトメア,フォロワー,魔界,2,2,3,【起動】【コスト1】：自分のデッキの上1枚を公開する。公開したカードが元のコスト2のカードなら、それをEXエリアに置く。このターン、それをプレイする際、コストを-2する。この能力は1ターンに1回使える。
PR-208,ルナールツインズ・リナ＆レナ,エルフ,フォロワー,狩人・獣,4,3,3,"【疾走】
【攻撃時】自分の場のフォロワーが3体以上なら、これは【攻撃力】+1する。"
PR-209,竜の託宣,ドラゴン,スペル,竜族,2,-,-,下記から1つチョイスする。【1】自分のPP最大値を+1する。【2】1枚引く。
PR-210,光の道筋,ニュートラル,スペル,光輝,2,-,-,"これを自分の手札から捨てたとき、1枚引く。
----------
1枚引く。"
PR-211,ブレイジングブレス,ドラゴン,スペル,竜族,1,-,-,相手のフォロワー1体を選ぶ。それに2ダメージ。【覚醒】状態なら、代わりに4ダメージ。
PR-212,無敗の剣聖・カゲミツ,ロイヤル,フォロワー,挑戦者・兵士,1,1,1,"【突進】
【ファンファーレ】これは【攻撃力】+X/【体力】+Xする。Xは「自分のエボルヴデッキの表向きのエボルヴフォロワーの枚数」である。Xが3以上なら、これは【指定攻撃】を持つ。Xが7以上なら、これは「【攻撃時】これをスタンドする。この能力は1ターンに1回働く」を持つ。"
PR-213,ソードエンジェル・エフェメラ,ニュートラル,フォロワー,天使,1,2,1,"【突進】
【ファンファーレ】相手プレイヤー1人の場のカードが3枚以上なら、これは【攻撃力】+1して、【指定攻撃】を持つ。"
PR-214,ウロボロス,ドラゴン,フォロワー,竜族,7,8,4,"【ファンファーレ】相手の場のフォロワー1体を選ぶ。それに5ダメージ。自分のリーダーは【体力】+5する。
【ラストワード】手札2枚を捨てる：これをEXエリアに置く。"
PR-215,獣戦士・セタス,エルフ,フォロワー・エボルヴ,獣,-,4,6,"【守護】
自分のエンドフェイズが来たとき、自分のリーダーは【体力】+4する。このターン、自分のフォロワーが場から墓場に置かれていたなら、これは【攻撃力】+2/【体力】+2する。
【進化時】自分の墓場の元のコスト3以下のフォロワー1枚を選ぶ。それを場に出す。"
PR-216,月の刃・リオード,ロイヤル,フォロワー・エボルヴ,暗殺者,-,2,4,"これがスタンド状態である限り、これは【威圧】【オーラ】を持つ。
自分のエンドフェイズが来たとき、相手の場のフォロワー1体を選ぶ。それに1ダメージ。
【進化時】相手のリーダー1人か相手の場のフォロワー1体を選ぶ。それに2ダメージ。"
PR-217,天外の華・エレノア,ウィッチ,フォロワー・エボルヴ,魔法使い,-,3,3,【進化時】自分のデッキから『美麗なる術式』1枚を探し、EXエリアに置く。【スペルチェイン_10】このターン、それをプレイする際、コストを-2する。
PR-218,華麗なる竜人・マリオン,ドラゴン,フォロワー・エボルヴ,ドラゴニュート,-,2,2,【進化時】自分の場の他の【ドラゴン】フォロワー1体か自分のEXエリアの【ドラゴン】フォロワー1枚を選ぶ。それは【攻撃力】+1/【体力】+1する。
PR-219,バロン・ダブルフィール,ナイトメア,フォロワー・エボルヴ,魔界,-,3,3,【進化時】相手の場のフォロワー1体を選ぶ。それに2ダメージ。【ネクロチャージ_10】代わりに4ダメージ。
PR-220,均衡の光・マーロン,ビショップ,フォロワー・エボルヴ,信仰,-,4,4,【進化時】元のコストX以下の相手の場のフォロワー1体を選ぶ。それを破壊する。Xは「自分のEXエリアのカードの枚数」である。
PR-221,粛清の英雄・メイシア,ニュートラル,フォロワー・エボルヴ,超克,-,3,4,"【攻撃時】自分の墓場の元のコスト3以下の【ニュートラル】スペル1枚を選ぶ。それのコストを0にしてプレイする。
【進化時】【コスト5】：自分のデッキの上5枚を墓場に置く。これは【疾走】を持つ。"
PR-222,空の指揮官・セリア,ロイヤル,フォロワー,指揮官,1,2,2,"【進化】【コスト1】：これは『希望の戦術家・セリア』に進化する。
【進化】【コスト4】：これは『絶望の使者・セリア』に進化する。"
PR-223,自然の導き,エルフ,スペル,妖精,1,-,-,自分の場のカード1枚を選ぶ。それを手札に戻す。1枚引く。（手札に戻ったトークンはゲームから取り除く）
PR-224,ジャンク,エルフ,フォロワー,人形,1,1,2,"【ファンファーレ】『操り人形』2枚をEXエリアに置く。
―――――――――――――――
『操り人形』【ニュートラル】人形・フォロワー【コスト1】【攻撃力】1/【体力】1【突進】"
PR-225,すり替わり,エルフ,スペル,人形,2,-,-,"元のコスト3以下の相手の場のフォロワー1体を選ぶ。それを手札に戻す。『操り人形』1枚をEXエリアに置く。（手札に戻ったトークンはゲームから取り除く）
―――――――――――――――
『操り人形』【ニュートラル】人形・フォロワー【コスト1】【攻撃力】1/【体力】1【突進】"
PR-226,ハルバードウルフ,ロイヤル,フォロワー,自然・兵士・獣,2,2,3,"【ファンファーレ】『ナテラの大樹』1枚を場かEXエリアに置いてよい。
【起動】これを【アクト】場の『ナテラの大樹』を好きな枚数【アクト】：相手の場のフォロワー1体を選ぶ。それに「アクトした『ナテラの大樹』の枚数」と同じダメージ。
―――――――――――――――
『ナテラの大樹』【ニュートラル】自然・アミュレット【コスト1】これが場を離れたとき、1枚引く。自分の手札1枚を捨てる。【起動】【コスト1】：これを墓場に置く。"
PR-227,マナリアの見習い教師・パスカル,ウィッチ,フォロワー,魔法使い・学院,3,3,3,【ファンファーレ】1枚引く。自分の墓場の学院・カードが5枚以上なら、自分のPPを1回復する。
PR-228,竜装の大剣士,ドラゴン,フォロワー,武闘竜人・キラー,2,3,2,【起動】これを【アクト】：相手の場のフォロワー1体を選ぶ。それに3ダメージ。この能力は自分の場の武闘竜人・カードが3枚以上なら使える。
PR-229,悪夢の始まり,ナイトメア,スペル,吸血鬼,4,-,-,"これをプレイする際、自分の場に吸血鬼・カードがあるなら、コストを-1する。
『フォレストバット』3体を出す。2枚引く。
―――――――――――――――
『フォレストバット』【ナイトメア】吸血鬼・フォロワー【コスト1】【攻撃力】1/【体力】1"
PR-230,眷属への贈り物,ナイトメア,スペル,吸血鬼・プリンセス,2,-,-,"これをプレイする際、自分の墓場の吸血鬼・カードが5枚以上なら、コストを-2する。
『フォレストバット』2体を出す。自分の墓場に「カード名に『ヴァンピィ』を含むフォロワー」があるなら、1枚引く。
―――――――――――――――
『フォレストバット』【ナイトメア】吸血鬼・フォロワー【コスト1】【攻撃力】1/【体力】1"
PR-231,愚神礼賛,ビショップ,アミュレット,狂信,2,-,-,"【ファンファーレ】1枚引く。
【ラストワード】体力3以下の相手の場のフォロワー1体を選ぶ。それを破壊する。"
PR-232,エクストリームキャロット,ニュートラル,フォロワー,自然・傭兵,2,2,2,"【突進】
【ラストワード】【コスト1】場かEXエリアの『ナテラの大樹』1枚を消滅：自分のデッキから『エクストリームキャロット』1枚を探し、場に出す。自分のリーダーは【体力】+1する。"
PR-233,天界の尖兵,ニュートラル,フォロワー,天使,3,2,2,"【進化】【コスト1】：これは進化する。
【ファンファーレ】自分の墓場の天使・カードが5枚以上なら、相手の場のフォロワー1体を選ぶ。それを消滅させる。"
PR-234,天界の尖兵,ニュートラル,フォロワー・エボルヴ,天使,-,3,3,【進化時】元のコスト4以下の相手の場のフォロワー1体を選ぶ。それを消滅させる。
PR-235,静かなるメイド・ノーニャ,ロイヤル,フォロワー,兵士・メイド,3,4,4,"これをプレイする際、自分の場に『イノセントプリンセス・プリム』がいるなら、コストを-1する。
【ファンファーレ】2枚引く。自分の手札2枚を捨てる。"
PR-236,イノセントプリンセス・プリム,ロイヤル,フォロワー,指揮官・プリンセス,2,1,1,"【進化】【コスト1】：これは進化する。
【ファンファーレ】『ナイト』1体を出す。
―――――――――――――――
『ナイト』【ロイヤル】兵士・フォロワー【コスト1】【攻撃力】1/【体力】1"
PR-237,オケアノス,ニュートラル,フォロワー,大神・光輝,1,1,1,自分の場のフォロワーが進化したとき、下記から1つチョイスする。【1】相手の場のフォロワー1体を選ぶ。それに2ダメージ。【2】自分のリーダーは【体力】+1する。
PR-238,アネモネタイガー,エルフ,フォロワー,植物族・獣,2,2,3,"【守護】
【ファンファーレ】場の「これと同名を除く獣・フォロワー」1体を手札に戻す：自分のデッキから『サルビアパンサー』1枚を探し、手札に加える。"
PR-239,わがままな呼び出し,ロイヤル,スペル,指揮官・プリンセス,1,-,-,下記から1つチョイスする。【1】1枚引く。【2】自分の場にプリンセス・フォロワーがいるなら、自分のデッキから【ロイヤル】フォロワー1枚を探し、手札に加える。
PR-240,形成の魔術師,ウィッチ,フォロワー,アルカナ・魔法使い,2,2,3,【ファンファーレ】下記から1つチョイスする。【1】自分の場の【スタック】を+1する。【2】【土の秘術】相手のリーダーすべてに2ダメージ。
PR-241,マナリアライター・ティコ,ウィッチ,フォロワー,魔法使い・学院,2,2,3,"【守護】
【ラストワード】自分のデッキの上1枚を見る。その中から、学院・カード1枚を公開して手札に加えてよい。"
PR-242,流麗なる竜人,ドラゴン,フォロワー,ドラゴニュート・竜族・武装,2,2,2,"【ファンファーレ】自分のデッキの上2枚を見る。その中から、武装・カード1枚を公開して手札に加えてよい。残りを好きな順にデッキの下に置く。自分の墓場の武装・カードが3枚以上なら、『ドラゴウェポン』1つを場に出す。自分のPPを1回復する。
―――――――――――――――
『ドラゴウェポン』【ドラゴン】武装・アミュレット【コスト1】【起動】これを【アクト】墓場に置く：自分の場の【ドラゴン】フォロワー1体を選ぶ。それは【体力】+1して、武装・タイプを持つ。"
PR-243,アーマーパージ,ドラゴン,スペル,竜族・武装,1,-,-,"自分の武装・フォロワー1体と相手のフォロワー1体を選ぶ。前者をEXエリアに置く。後者に3ダメージ。『ドラゴウェポン』1つを出す。
―――――――――――――――
『ドラゴウェポン』【ドラゴン】武装・アミュレット【コスト1】【起動】これを【アクト】墓場に置く：自分の【ドラゴン】フォロワー1体を選ぶ。それは【体力】+1して、武装・タイプを持つ。"
PR-244,スピリットキュレーター,ナイトメア,フォロワー,死霊術師,2,2,3,【ファンファーレ】下記から1つチョイスする。【1】『ゴースト』1枚をEXエリアに置く。【2】自分のEXエリアに「カード名に『ゴースト』を含むフォロワー」があるなら、自分のデッキの上3枚を見る。その中から、【ナイトメア】カード1枚を公開して手札に加えてよい。残りを好きな順にデッキの下に置く。
PR-245,アズライトメイデン,ビショップ,フォロワー,信仰,2,2,3,"【守護】
【ファンファーレ】【コスト1】：自分の墓場の信仰・フォロワー1枚を選ぶ。それをEXエリアに置く。それは【攻撃力】+1する。"
PR-246,フォーリンショット,ニュートラル,スペル,堕天使,1,-,-,自分の墓場の天使・フォロワー1枚と相手の場のフォロワー1体を選ぶ。それのプレイヤーはそれをEXエリアに置く。
PR-247,決意の予言者・ルーニィ,ウィッチ,フォロワー,魔法使い,2,1,1,【ファンファーレ】相手の場のフォロワー1体まで選ぶ。【スペルチェイン_5】それに3ダメージ。【SC_10】相手のリーダーすべてに2ダメージ。自分のリーダーは【体力】+2する。【SC_15】自分の墓場の『決意の予言者・ルーニィ』すべてをEXエリアに置く。【SC_20】自分の場と自分のEXエリアの『決意の予言者・ルーニィ』すべては【攻撃力】+2/【体力】+2する。
PR-248,天覇風神・フェイラン,ニュートラル,フォロワー,大神,4,2,2,"これをEXエリアからプレイする際、コストを-3する。
自分のエンドフェイズが来たとき、自分の場の他のフォロワーすべては【攻撃力】+1する。
【ファンファーレ】相手の場のフォロワー1体を選ぶ。それに4ダメージ。"
PR-249,クラッシュデビル・デモニア,ナイトメア,フォロワー,魔界・シンガー,3,2,3,"【必殺】【ドレイン】
【攻撃時】相手のリーダーすべてに「これの攻撃力」と同じダメージ。
【ファンファーレ】【真紅】状態なら、これは【攻撃力】+1/【体力】+1して、【突進】【指定攻撃】を持つ。"
PR-250,心読む少女・ミツェル,エルフ,フォロワー,精霊,1,1,1,【進化】【コスト2】：これは進化する。
PR-251,デュアルレイジ,ドラゴン,スペル,竜族・武装,6,-,-,"【起動】墓場のこれを消滅：自分の場の『レーヴァテインドラゴン』1体と『ドラゴウェポン』2つを選ぶ。それを破壊する。自分のエボルヴデッキの「カード名に『デュアルモード』を含むアドバンスフォロワー」1枚を場に出してよい。
----------
自分のデッキから武装・フォロワー1枚を探し、手札に加える。自分の手札の武装・フォロワー1枚を場に出してよい。"
PR-252,大いなる《世界》・ゼルガネイア,ニュートラル,フォロワー・アドバンス,アルカナ・大神,10,10,10,"自分のエンドフェイズが来たとき、これがEXエリアにあるなら、相手のリーダーすべてと相手の場のフォロワーすべてに4ダメージ。
【ファンファーレ】相手のリーダーすべてと相手の場のフォロワーすべてに10ダメージ。"
PR-253,翠嵐の斧使い,エルフ,フォロワー,エルフ族・狩人,3,4,3,"自分のターンごとに1回、自分が手札の【エルフ】スペルを捨てたとき、1枚引く。
【起動】これを【アクト】手札1枚を捨てる：下記から1つチョイスする。【1】相手の場のフォロワー1体を選ぶ。それに4ダメージ。【2】相手のリーダーすべてに2ダメージ。"
PR-254,静寂の元帥,ロイヤル,フォロワー・エボルヴ,アルカナ・指揮官,-,4,4,"これが場にいる限り、自分の場の【ロイヤル】トークンすべては【突進】を持つ。
【進化時】『スティールナイト』1体を場に出す。自分の場の『スティールナイト』すべては【攻撃力】+1/【体力】+1する。"
PR-255,コールチェイン,ウィッチ,スペル,魔法使い,2,-,-,自分のデッキの上5枚を見る。その中から、【ウィッチ】フォロワー1枚を公開して手札に加えてよい。残りを好きな順にデッキの下に置く。【スペルチェイン_10】自分のPPを1回復する。
PR-256,ナックルドラゴン・ドラグニル,ドラゴン,フォロワー,竜族・武装,3,3,3,"【進化】【コスト1】：これは進化する。
【ファンファーレ】『ドラゴウェポン』1つを出す。
―――――――――――――――
『ドラゴウェポン』【ドラゴン】武装・アミュレット【コスト1】【起動】これを【アクト】墓場に置く：自分の【ドラゴン】フォロワー1体を選ぶ。それは【体力】+1して、武装・タイプを持つ。"
PR-257,デスブリンガー,ナイトメア,フォロワー・エボルヴ,アルカナ・死者,-,8,8,【進化時】相手の場のフォロワー1体を選ぶ。それを破壊する。それのリーダーに2ダメージ。自分のリーダーは【体力】+2する。
PR-258,射殺す輝き,ビショップ,スペル,狂信・キラー,2,-,-,"これは自分のターン中、プレイできない。
相手の場のフォロワー2体まで選ぶ。それに4ダメージを割りふる。"
PR-259,ドライブポイント,ニュートラル,スペル・エボルヴ,-,-,-,-,"これはエボルヴデッキに10枚まで入れることができる。
----------
（ドライブを持ったフォロワーは、【突進】【シングルドライブ】を持つ）"
PR-260,蒼龍レオン,エルフ,リーダー,-,-,-,-,
PR-261,先導アイチ,ロイヤル,リーダー,-,-,-,-,
PR-262,鳴海アサカ,ウィッチ,リーダー,-,-,-,-,
PR-263,櫂トシキ,ドラゴン,リーダー,-,-,-,-,
PR-264,雀ヶ森レン,ナイトメア,リーダー,-,-,-,-,
PR-265,戸倉ミサキ,ビショップ,リーダー,-,-,-,-,
PR-266,カードファイト!! ヴァンガード Divinez,-,EP,-,-,-,-,"バトル開始時、後攻プレイヤーはEPを3つ持つ。
自分が【進化】か【憑依】のコストを払うとき、表向きのEPを1つ裏向きにすることで、1PPを払える。（1ターンに進化か憑依はどちらか1回できる。1回につき使えるEPは1つ）"
PR-267,マナリアの魔弾,ウィッチ,スペル・トークン,魔法使い・学院,2,-,-,相手の場のフォロワー1体を選ぶ。それに3ダメージ。自分の墓場の学院・カードが10枚以上なら、それのリーダーに2ダメージ。
PR-268,遺されし電撃,ドラゴン,アミュレット・トークン,ドラゴニュート・武闘竜人,3,-,-,"自分の場に武闘竜人・フォロワーが出たとき、これに雷カウンター1個を置く。
【起動】これを【アクト】：自分の場の【ドラゴン】フォロワー1体を選ぶ。それは【攻撃力】+2する。この能力はこれの雷カウンターが5個以上なら使える。
【起動】これを【アクト】：相手の場のフォロワー1体を選ぶ。それを破壊する。それのリーダーに3ダメージ。この能力はこれの雷カウンターが10個以上なら使える。"
PR-269,血統の王,ナイトメア,フォロワー,吸血鬼,4,2,4,"【進化】【コスト1】：これは進化する。
これがいる限り、自分の場の『フォレストバット』すべては【突進】【指定攻撃】を持つ。
【ファンファーレ】『フォレストバット』2体を出す。
―――――――――――――――
『フォレストバット』【ナイトメア】吸血鬼・フォロワー【コスト1】【攻撃力】1/【体力】1"
PR-270,血統の王,ナイトメア,フォロワー・エボルヴ,吸血鬼,-,3,5,"これがいる限り、自分の場の『フォレストバット』すべては【突進】【指定攻撃】を持つ。
【進化時】自分の場の『フォレストバット』すべては【攻撃力】+1する。"
PR-271,ういんがる・ぶれいぶ,ロイヤル,アミュレット,ヴァンガード・ロイヤルパラディン,2,-,-,"【スタートアミュレット】（【スタートアミュレット】を持つカードはデッキに1種しか入れられない）
【起動】これを【アクト】墓場に置く：1枚引く。自分の手札1枚を捨てる。この能力は自分の場にロイヤルパラディン・フォロワーがいるなら使える。"
PR-272,リザードソルジャー コンロー,ドラゴン,アミュレット,ヴァンガード・かげろう,2,-,-,"【スタートアミュレット】（【スタートアミュレット】を持つカードはデッキに1種しか入れられない）
【起動】これを【アクト】墓場に置く：相手の場のフォロワー1体を選ぶ。それに1ダメージ。この能力は自分の場にかげろう・フォロワーがいるなら使える。"
PR-273,ティアーナイト テオ,エルフ,フォロワー,ヴァンガード・アクアフォース,1,2,1,【ファンファーレ】自分の場に他のアクアフォース・フォロワーがいるなら、これは【突進】【指定攻撃】を持つ。
PR-274,ティアーナイト キプロス,エルフ,フォロワー,ヴァンガード・アクアフォース,1,0,1,"【疾走】
【ラストワード】自分のデッキから『ティアーナイト キプロス』1枚を探し、手札に加える。"
PR-275,孤高の騎士 ガンスロッド,ロイヤル,フォロワー,ヴァンガード・ロイヤルパラディン,4,4,4,"【突進】【指定攻撃】【ツインドライブ】
【ファンファーレ】自分の墓場に『ブラスター・ブレード』があるなら、2枚引く。自分の手札1枚を捨てる。このターン、これはダメージを受けない。"
PR-276,ばーくがる,ロイヤル,フォロワー,ヴァンガード・ロイヤルパラディン,1,0,1,"自分のロイヤルパラディン・カードの能力によってこれを自分の手札から捨てたとき、これをEXエリアに置いてよい。
【守護】
【ラストワード】1枚引く。"
PR-277,パープル・トラピージスト,ウィッチ,フォロワー,ヴァンガード・ペイルムーン,2,2,3,【ファンファーレ】下記から1つチョイスする。【1】1枚引く。自分の手札1枚を消滅させる。【2】自分の場のペイルムーン・フォロワー1体を選ぶ。自分の消滅領域が5枚以上なら、それは【疾走】を持つ。
PR-278,ジャンピング・ジル,ウィッチ,フォロワー,ヴァンガード・ペイルムーン,1,2,2,"【憑依】【コスト3】：これはドライブを持つ。
【ドライブ獲得時】自分の消滅領域のペイルムーン・カード1枚まで選ぶ。それを手札に加える。これは【攻撃力】+1/【体力】+1する。
【ファンファーレ】自分のデッキの上2枚を消滅させる。"
PR-279,約束の火 エルモ,ドラゴン,フォロワー,ヴァンガード・かげろう,1,2,2,【ファンファーレ】手札の「カード名に『オーバーロード』を含むフォロワー」1枚を公開：1枚引く。
PR-280,希望の火 エルモ,ドラゴン,フォロワー,ヴァンガード・かげろう,1,2,2,"自分のターンごとに1回、相手のフォロワーが場から墓場に置かれたとき、1枚引く。自分の手札1枚を捨てる。
【ファンファーレ】相手の場のフォロワー1体を選ぶ。【覚醒】状態なら、それに2ダメージ。（自分のPP最大値が7以上なら、【覚醒】状態になる）"
PR-281,ブラスター・ダーク,ナイトメア,フォロワー,ヴァンガード・シャドウパラディン,3,3,3,"【進化】【コスト1】：これは進化する。
【シングルドライブ】
【ファンファーレ】自分のデッキの上2枚を墓場に置く。"
PR-282,漆黒の乙女 マーハ,ナイトメア,フォロワー,ヴァンガード・シャドウパラディン,3,3,3,"【憑依】【コスト1】：これはドライブを持つ。
【ドライブ獲得時】これは【攻撃力】+1/【体力】+1する。自分のデッキから元のコスト2以下のシャドウパラディン・フォロワー1枚を探し、場に出す。"
PR-283,バトルシスター ここあ,ビショップ,フォロワー,ヴァンガード・オラクルシンクタンク,4,3,3,"【憑依】【コスト1】：これはドライブを持つ。
自分のドライブチェックによってトリガーしたとき、相手の場のフォロワー1体を選ぶ。それに4ダメージ。自分のリーダーは【体力】+2する。
【ドライブ獲得時】これは【攻撃力】+1/【体力】+1する。自分のデッキの上5枚を見る。その中から、好きな枚数を好きな順にデッキの上に置く。残りを好きな順にデッキの下に置く。"
PR-284,ダーク・キャット,ビショップ,フォロワー,ヴァンガード・オラクルシンクタンク,2,2,2,"【憑依】【コスト1】：これはドライブを持つ。
【ドライブ獲得時】これは【攻撃力】+1/【体力】+1する。自分のデッキの上3枚を見る。その中から、オラクルシンクタンク・フォロワー1枚を公開して手札に加えてよい。好きな枚数を好きな順にデッキの上に置く。残りを好きな順にデッキの下に置く。"
PR-285,ドライブポイント,ニュートラル,スペル・エボルヴ,-,-,-,-,"これはエボルヴデッキに10枚まで入れることができる。
----------
（ドライブを持ったフォロワーは、【突進】【シングルドライブ】を持つ）"
PR-286,蒼嵐覇竜 グローリー・メイルストローム,エルフ,フォロワー・エボルヴ,ヴァンガード・アクアフォース,-,4,4,"【疾走】【ツインドライブ】
これが相手のリーダーにダメージを与えたとき、相手の場のフォロワー1体を選ぶ。それを破壊する。2枚引く。"
PR-287,ブラスター・ブレード,ロイヤル,フォロワー・エボルヴ,ヴァンガード・ロイヤルパラディン,-,4,4,"【シングルドライブ】
【進化時】相手の場のフォロワー1体を選ぶ。それに「自分の場のロイヤルパラディン・フォロワーの数」の2倍のダメージ。"
PR-288,ドラゴニック・オーバーロード,ドラゴン,フォロワー・エボルヴ,ヴァンガード・かげろう,-,5,5,"【ツインドライブ】
【覚醒】状態であり、自分の場に他のかげろう・フォロワーがいる限り、これは【疾走】を持つ。
【進化時】相手の場のフォロワー1体を選ぶ。それに5ダメージ。【覚醒】状態なら、このターン、これは「これが交戦ダメージを与えたとき、これをスタンドする。この能力は1ターンに1回働く」を持つ。"
PR-289,ブラスター・ブレード,ロイヤル,フォロワー・エボルヴ,ヴァンガード・ロイヤルパラディン,-,4,4,"【シングルドライブ】
【進化時】相手の場のフォロワー1体を選ぶ。それに「自分の場のロイヤルパラディン・フォロワーの数」の2倍のダメージ。"
PR-290,士官候補生 エリック,エルフ,アミュレット,ヴァンガード・アクアフォース,2,-,-,"【スタートアミュレット】（【スタートアミュレット】を持つカードはデッキに1種しか入れられない）
【起動】これを【アクト】墓場に置く：元のコスト1の自分の場のアクアフォース・フォロワー1体を選ぶ。それは【疾走】を持つ。"
PR-291,狭間を超える少女,ウィッチ,アミュレット,ヴァンガード・ペイルムーン,2,-,-,"【スタートアミュレット】（【スタートアミュレット】を持つカードはデッキに1種しか入れられない）
【起動】これを【アクト】墓場に置く：1枚引く。自分の手札1枚を消滅させる。この能力は自分の場にペイルムーン・フォロワーがいるなら使える。"
PR-292,フルバウ,ナイトメア,アミュレット,ヴァンガード・シャドウパラディン,2,-,-,"【スタートアミュレット】（【スタートアミュレット】を持つカードはデッキに1種しか入れられない）
【起動】これを【アクト】墓場に置く：自分のデッキの上2枚を墓場に置く。この能力は自分の場にシャドウパラディン・フォロワーがいるなら使える。"
PR-293,神鷹 一拍子,ビショップ,アミュレット,ヴァンガード・オラクルシンクタンク,2,-,-,"【スタートアミュレット】（【スタートアミュレット】を持つカードはデッキに1種しか入れられない）
【起動】これを【アクト】墓場に置く：自分のデッキの上3枚を見る。その中から、好きな枚数を好きな順にデッキの上に置く。残りを好きな順にデッキの下に置く。この能力は自分の場にオラクルシンクタンク・フォロワーがいるなら使える。"
PR-294,魔術の始祖・マナリア,ウィッチ,フォロワー・エボルヴ,魔法使い・学院,-,3,5,"これが場にいる限り、自分が学院・フォロワーをプレイする際、コストを-1する。
【進化時】相手の場のフォロワー1体を選ぶ。それに3ダメージ。"
PR-295,ソウルコンバージョン,ナイトメア,スペル,死者,1,-,-,自分のフォロワー1体を選ぶ。それを破壊する。2枚引く。
PR-296,夢想の白兎,ビショップ,アミュレット,信仰,0,-,-,"【起動】これを【アクト】墓場に置く：相手のフォロワー1体を選ぶ。それをアクトする。
【起動】【コスト10】これを【アクト】墓場に置く：フォロワーすべてを消滅させる。"
PR-297,遺物の番人・ルチル,エルフ,フォロワー,超克,6,4,4,"【ファンファーレ】『エンシェントアーティファクト』1枚と『ミスティックアーティファクト』1枚の中から、1枚を場に出す。1枚をEXエリアに置く。
【起動】これを【アクト】EXエリアのカードを元のコストがすべて異なるように5枚消滅：自分のエボルヴデッキの『神秘の遺物・スピネ＆ルチル』1枚を場に出してよい。"
PR-298,エクステンドマジック,ウィッチ,スペル,魔法使い,1,-,-,相手の場のフォロワー1体を選ぶ。それに2ダメージ。【土の秘術_2】代わりに4ダメージ。1枚引く。
PR-299,マーリン,ウィッチ,フォロワー・エボルヴ,魔法使い,-,4,3,【進化時】自分の墓場のコスト3以下のスペル1枚を選ぶ。それのコストを0にしてプレイする。
PR-300,ワイルドリザード,ニュートラル,フォロワー,荒野・傭兵,2,2,2,"【ファンファーレ】『機動二輪車』1枚を場かEXエリアに置いてよい。
【ラストワード】『従順な駿馬』1枚をEXエリアに置く。
―――――――――――――――
『機動二輪車』【ニュートラル】荒野・乗物・アミュレット【コスト1】【起動】これを墓場に置く：自分の場のフォロワー1体を選ぶ。それは【突進】を持つ。それが荒野・フォロワーなら、それは【攻撃力】+1する。
『従順な駿馬』【ニュートラル】荒野・乗物・獣・アミュレット【コスト1】【起動】これを墓場に置く：自分の場のフォロワー1体を選ぶ。それが荒野・フォロワーなら、それは【攻撃力】+1/【体力】+1する。"
PR-301,次元の超越,ウィッチ,スペル,魔法使い,12,-,-,"これをプレイする際、墓場のスペル10枚を消滅：コストを7にする。
このターンのあと、自分の追加ターンを行う。"
PR-302,ストリングマイスター,エルフ,フォロワー,人形,1,1,1,"自分のターンごとに1回、自分の場に『操り人形』が出たとき、『操り人形』2枚をEXエリアに置く。
【起動】【コスト4】：これは【攻撃力】+2/【体力】+2する。『操り人形』1体を場に出す。
―――――――――――――――
『操り人形』【ニュートラル】人形・フォロワー【コスト1】【攻撃力】1/【体力】1【突進】"
PR-303,アウトローガンナー,ロイヤル,フォロワー,荒野・兵士・盗賊,2,2,2,"【ファンファーレ】『機動二輪車』1つを場に出す。
【ラストワード】相手のリーダーすべてに2ダメージ。
―――――――――――――――
『機動二輪車』【ニュートラル】荒野・乗物・アミュレット【コスト1】【起動】これを墓場に置く：自分の場のフォロワー1体を選ぶ。それは【突進】を持つ。それが荒野・フォロワーなら、それは【攻撃力】+1する。"
PR-304,レヴィールの保安官補,ウィッチ,フォロワー,荒野・魔法使い,2,1,2,"自分のターンごとに1回、自分の場に乗物・カードが出たとき、1枚引く。自分の手札1枚を捨てる。
【ファンファーレ】『従順な駿馬』1つを場に出す。
―――――――――――――――
『従順な駿馬』【ニュートラル】荒野・乗物・獣・アミュレット【コスト1】【起動】これを墓場に置く：自分の場のフォロワー1体を選ぶ。それが荒野・フォロワーなら、それは【攻撃力】+1/【体力】+1する。"
PR-305,燎火のレンチスミス,ドラゴン,フォロワー,荒野・竜族,2,2,1,"自分のターン中、自分の場に他の荒野・カードが出たとき、相手の場のフォロワー1体を選ぶ。それに1ダメージ。
【ファンファーレ】『従順な駿馬』1つを場に出す。
―――――――――――――――
『従順な駿馬』【ニュートラル】荒野・乗物・獣・アミュレット【コスト1】【起動】これを墓場に置く：自分の場のフォロワー1体を選ぶ。それが荒野・フォロワーなら、それは【攻撃力】+1/【体力】+1する。"
PR-306,パンプキンドラゴン,ドラゴン,フォロワー,竜族,8,6,6,"【守護】
【ファンファーレ】自分のリーダーは【体力】+5する。2枚引く。
【起動】【コスト2】手札のこれと元のコスト7以上の【ドラゴン】カード1枚を捨てる：自分のリーダーは【体力】+5する。"
PR-307,魔剣の騎士・ハザン,ナイトメア,フォロワー,魔界,3,1,2,"【進化】【コスト3】：これは進化する。
【進化】【コスト1】：これは進化する。この能力は【真紅】状態なら使える。
【指定攻撃】【必殺】【ドレイン】"
PR-308,魔剣の騎士・ハザン,ナイトメア,フォロワー・エボルヴ,魔界,-,1,6,"【指定攻撃】【必殺】【ドレイン】
【攻撃時】相手のリーダーすべてに2ダメージ。これをスタンドする。この能力は1ターンに1回働く。"
PR-309,リボルバーイーグル,ビショップ,フォロワー,荒野・信仰・鳥族,2,2,1,"【疾走】
【ファンファーレ】『機動二輪車』1枚をEXエリアに置く。
【起動】【コスト6】：これは【攻撃力】+4/【体力】+4する。
―――――――――――――――
『機動二輪車』【ニュートラル】荒野・乗物・アミュレット【コスト1】【起動】これを墓場に置く：自分の場のフォロワー1体を選ぶ。それは【突進】を持つ。それが荒野・フォロワーなら、それは【攻撃力】+1する。"
PR-310,ゴブリンクイーン,ニュートラル,フォロワー,ゴブリン,2,2,3,"【ファンファーレ】自分のデッキの上5枚を見る。その中から、ゴブリン・カード1枚を公開して手札に加えてよい。残りを好きな順にデッキの下に置く。
【起動】これを【アクト】墓場のゴブリン・カード3枚を消滅：相手の場のフォロワー1体を選ぶ。それを破壊する。それのリーダーに3ダメージ。"
PR-311,自由なる冒険者,ニュートラル,フォロワー,荒野・傭兵,1,2,1,"【進化】【コスト4】：これは進化する。
【ファンファーレ】『従順な駿馬』1枚をEXエリアに置く。
―――――――――――――――
『従順な駿馬』【ニュートラル】荒野・乗物・獣・アミュレット【コスト1】【起動】これを墓場に置く：自分の場のフォロワー1体を選ぶ。それが荒野・フォロワーなら、それは【攻撃力】+1/【体力】+1する。"
PR-312,自由なる冒険者,ニュートラル,フォロワー・エボルヴ,荒野・傭兵,-,5,4,【ラストワード】『従順な駿馬』『機動二輪車』『魔導装甲車』1枚ずつ場やEXエリアに置いてよい。
PR-313,大ツルハシの骸,ナイトメア,フォロワー,荒野・死者,3,3,3,"ターンごとに1回、元のコスト1の自分のトークン・カードが場を離れたとき、それと同名のトークン・カード1枚を場に出す。
【ファンファーレ】場の他のカード1枚を墓場に置く：相手の場のフォロワー1体を選ぶ。それに4ダメージ。"
PR-314,ギガントパスチャー,エルフ,フォロワー,荒野・植物族,6,5,6,【ファンファーレ】『機動二輪車』『魔導装甲車』1枚ずつEXエリアに置く。相手のリーダーすべてと相手の場のフォロワーすべてに「自分のEXエリアの乗物・カードの枚数」と同じダメージ。
PR-315,リジェネレーター・ラインハルト,ロイヤル,フォロワー・エボルヴ,指揮官,-,4,5,"【指定攻撃】
自分のエンドフェイズが来たとき、これと自分のリーダーは【体力】+2する。"
PR-316,アイシクルランス,ウィッチ,スペル,魔法使い,1,-,-,相手の場のフォロワーすべてに1ダメージ。【スペルチェイン_10】相手の場のフォロワーすべてに1ダメージ。【SC_15】相手の場のフォロワーすべてに1ダメージ。
PR-317,銀氷の吐息,ドラゴン,スペル,ドラゴニュート,2,-,-,"これをプレイする際、【覚醒】状態なら、コストを-1する。
アクト状態の相手の場のフォロワー1体を選ぶ。それを破壊する。自分の場に『銀氷のドラゴニュート・フィルレイン』がいるなら、それのリーダーに2ダメージ。"
PR-318,漆黒の契約,ナイトメア,アミュレット,魔界,1,-,-,"【ファンファーレ】自分のリーダーに1ダメージ。1枚引く。
【起動】【コスト2】これを【アクト】墓場に置く：自分のリーダーに1ダメージ。1枚引く。"
PR-319,赦しの聖騎士,ビショップ,フォロワー,信仰,2,2,2,"【ファンファーレ】自分のリーダーは【体力】+1する。1枚引く。自分の手札1枚を捨てる。
【起動】【コスト2】：相手の場のフォロワー1体を選ぶ。それに2ダメージ。自分のリーダーは【体力】+1する。"
PR-320,天狐の社,ビショップ,アミュレット,信仰・獣,4,-,-,自分のリーダーの【体力】を+したとき、これを【アクト】：相手のリーダー1人か相手の場のフォロワー1体を選ぶ。それに2ダメージ。
PR-321,デスペラードショット,ロイヤル,スペル,荒野・盗賊,2,-,-,相手の場のフォロワー1体を選ぶ。それに4ダメージ。自分の場に『ファントムデュオ・バニー＆バロン』と『魔導四輪車・V』があるなら、代わりに6ダメージ。それのリーダーに2ダメージ。
PR-322,ファントムデュオ・バニー＆バロン,ロイヤル,フォロワー,荒野・盗賊,3,3,3,【進化】【コスト1】：これは進化する。
PR-323,ラディカルガンスリンガー,ロイヤル,フォロワー,荒野・兵士,1,0,1,"【ファンファーレ】『従順な駿馬』1つを場に出す。
【起動】これを【アクト】場の乗物・カード2枚を【アクト】：相手のリーダー1人か相手の場のフォロワー1体を選ぶ。それに2ダメージ。
―――――――――――――――
『従順な駿馬』【ニュートラル】荒野・乗物・獣・アミュレット【コスト1】【起動】これを墓場に置く：自分の場のフォロワー1体を選ぶ。それが荒野・フォロワーなら、それは【攻撃力】+1/【体力】+1する。"
PR-324,荒野の休息,ニュートラル,スペル,荒野・自然,1,-,-,自分のデッキの上3枚を見る。その中から、荒野・カードか自然・カード1枚を公開して手札に加えてよい。残りを好きな順にデッキの下に置く。自分の場か自分のEXエリアに荒野・カードがあるなら、自分のリーダーは【体力】+1する。
PR-325,月の刃・リオード,ロイヤル,フォロワー,暗殺者,2,1,3,"【進化】【コスト2】：これは進化する。
これがスタンド状態である限り、これは【威圧】【オーラ】を持つ。
自分のエンドフェイズが来たとき、相手の場のフォロワー1体を選ぶ。それに1ダメージ。"
PR-326,月の刃・リオード,ロイヤル,フォロワー・エボルヴ,暗殺者,-,2,4,"これがスタンド状態である限り、これは【威圧】【オーラ】を持つ。
自分のエンドフェイズが来たとき、相手の場のフォロワー1体を選ぶ。それに1ダメージ。
【進化時】相手のリーダー1人か相手の場のフォロワー1体を選ぶ。それに2ダメージ。"
PR-327,デュアルエンジェル,ニュートラル,フォロワー,機械・自然・天使,1,1,1,"【進化】【コスト1】：これは進化する。
【ファンファーレ】『リペアモード』1枚か『ナテラの大樹』1枚をEXエリアに置く。
―――――――――――――――
『リペアモード』【ニュートラル】機械・スペル【コスト1】自分のリーダーは【体力】+1する。
『ナテラの大樹』【ニュートラル】自然・アミュレット【コスト1】これが場を離れたとき、1枚引く。自分の手札1枚を捨てる。【起動】【コスト1】：これを墓場に置く。"
PR-328,デュアルエンジェル,ニュートラル,フォロワー・エボルヴ,機械・自然・天使,-,2,2,【進化時】相手の場のフォロワー1体を選ぶ。自分の場や自分のEXエリアの機械・カードや自然・カードが5枚以上なら、それに2ダメージ。
PR-329,追い風の妖精,エルフ,フォロワー,妖精,1,2,2,自分のターン中、自分がカードをプレイしたとき、このターン中に3枚目のカードなら、自分のリーダーは【体力】+1する。このターン中に5枚目のカードなら、1枚引く。
PR-330,プライマルギガント,エルフ,フォロワー,自然・精霊,9,7,7,"これを自分の手札から捨てたとき、『ナテラの大樹』1枚をEXエリアに置く。
これをプレイする際、場の自然・カード4枚を墓場に置く：コストを-4する。
【ファンファーレ】自分の墓場の元のコスト5以下の【エルフ】フォロワー1枚を選ぶ。それを場に出す。"
PR-331,優雅なもてなし,ロイヤル,スペル,メイド・貴族,2,-,-,自分の場に指揮官・フォロワーと兵士・フォロワーがいるなら、2枚引く。
PR-332,マシンブックソーサラー,ウィッチ,フォロワー,機械・魔法使い,2,2,3,【ファンファーレ】手札の機械・カード1枚を捨てる：1枚引く。『プロダクトマシーン』1枚と『リペアモード』1枚をEXエリアに置く。自分のEXエリアの機械・カードが5枚なら、自分のPPを1回復する。
PR-333,岩石のアンキロサウルス,ドラゴン,フォロワー,自然・竜族,2,2,3,"【ファンファーレ】『ナテラの大樹』1つを場に出す。
【ファンファーレ】【コスト1】手札1枚を捨てる：相手の場のフォロワー1体を選ぶ。それに3ダメージ。
―――――――――――――――
『ナテラの大樹』【ニュートラル】自然・アミュレット【コスト1】これが場を離れたとき、1枚引く。自分の手札1枚を捨てる。【起動】【コスト1】：これを墓場に置く。"
PR-334,猛火のティラノサウルス,ドラゴン,フォロワー,自然・竜族,8,6,6,"これを自分の手札から捨てたとき、【コスト1】：相手の場のフォロワー1体を選ぶ。それに3ダメージ。
【起動】場の『ナテラの大樹』1つを消滅：相手の場のフォロワーすべてに3ダメージ。"
PR-335,機械鋸の死運び,ナイトメア,フォロワー,機械・死者,3,1,1,"【ラストワード】相手の場のフォロワー1体を選ぶ。それを破壊する。
【起動】【コスト1】これを墓場に置く：自分のデッキの上2枚を墓場に置く。"
PR-336,機械鞭の僧侶,ビショップ,フォロワー,機械・信仰・狂信,2,2,2,"【ファンファーレ】『リペアモード』1枚をEXエリアに置く。これが能力によって場に出ていたなら、自分の場の機械・フォロワーすべては【攻撃力】+1/【体力】+1する。
―――――――――――――――
『リペアモード』【ニュートラル】機械・スペル【コスト1】自分のリーダーは【体力】+1する。"
PR-337,メタリックファーザー,ビショップ,フォロワー,機械・信仰・狂信,5,4,4,"【突進】
【攻撃時】1枚引く。自分のEXエリアの『リペアモード』が5枚なら、代わりに2枚。
【ファンファーレ】『リペアモード』2枚をEXエリアに置く。自分のPPを2回復する。
―――――――――――――――
『リペアモード』【ニュートラル】機械・スペル【コスト1】自分のリーダーは【体力】+1する。"
PR-338,ワンダーコック,ニュートラル,フォロワー,自然・コック,1,1,2,"【ファンファーレ】『ナテラの大樹』1枚を場かEXエリアに置いてよい。自分のリーダーは【体力】+1する。
【ラストワード】手札の自然・カード1枚を捨てる：1枚引く。
―――――――――――――――
『ナテラの大樹』【ニュートラル】自然・アミュレット【コスト1】これが場を離れたとき、1枚引く。自分の手札1枚を捨てる。【起動】【コスト1】：これを墓場に置く。"
PR-339,メカニカルガンナー,ニュートラル,フォロワー,機械・傭兵,1,1,2,"【ファンファーレ】『プロダクトマシーン』1枚か『リペアモード』1枚をEXエリアに置く。
【ラストワード】手札の機械・カード1枚を捨てる：1枚引く。"
PR-340,熾天使の剣,ニュートラル,スペル,天使,2,-,-,下記から1つチョイスする。【1】元のコスト2以下の相手の場のカード1枚を選ぶ。それを破壊する。【2】【コスト2】：元のコスト6以下の相手の場のカード1枚を選ぶ。それを破壊する。
PR-341,魔女の大釜,ウィッチ,アミュレット,魔法使い・土の印,1,-,-,"【スタック】
【ファンファーレ】自分のデッキの上4枚を見る。その中から、【土の秘術】を持つカード1枚を公開して手札に加えてよい。残りを好きな順にデッキの下に置く。"
PR-342,大いなる回帰,エルフ,スペル,自然・獣,0,-,-,自分の場の『回帰する抱擁・ラティカ』1体を選ぶ。それは【攻撃力】+1/【体力】+1する。【コンボ_5】相手の場のフォロワーすべてに「それの攻撃力」と同じダメージ。
PR-343,機構の解放,ビショップ,スペル,機械・信仰,2,-,-,下記から1つチョイスする。【1】EXエリアの『リペアモード』2枚を消滅：自分のデッキから元のコスト3以下の機械・フォロワー1枚を探し、場に出す。【2】EXエリアの『リペアモード』5枚を消滅：自分のデッキから元のコスト6以下の機械・フォロワー1枚を探し、場に出す。
PR-344,絆の竜剣士・アイラ,ドラゴン,フォロワー,竜使い,5,2,2,【ファンファーレ】下記から1つチョイスする。【1】自分のPP最大値を+1する。自分のPPを2回復する。【2】【覚醒】状態なら、『絆の覇竜』1体を場に出す。自分のリーダーは【体力】+2する。
PR-345,絆の覇竜,ドラゴン,フォロワー・トークン,竜族,5,6,6,"【守護】
自分の場に『絆の竜剣士・アイラ』がいる限り、これは能力ダメージを受けない。"
PR-346,フォレストバット,ナイトメア,フォロワー・トークン,吸血鬼,1,1,1,
PR-347,竜喰らう禁忌,ドラゴン,フォロワー,竜族・キラー,9,8,8,"【ファンファーレ】自分の墓場の元のコスト7以上の【ドラゴン】カード1枚につき、相手の場のフォロワー1体まで選ぶ。それを消滅させる。
【起動】【コスト3】手札のこれと元のコスト7以上の【ドラゴン】カード1枚を捨てる：自分のPP最大値を+1する。1枚引く。"
PR-348,ドラゴンイクシード・ギルヴァ,ドラゴン,フォロワー,竜使い,9,6,6,"これを自分の手札から捨てたとき、これをEXエリアに置いてよい。
【守護】
【ファンファーレ】場の他のフォロワーすべてと相手のリーダーすべてに6ダメージ。
【起動】【コスト3】EXエリアのこれを墓場に置く：相手の場のフォロワー1体を選ぶ。それに6ダメージ。この能力は【覚醒】状態なら使える。"
PR-349,欲望の翼,ナイトメア,スペル,絶傑・魔界,1,-,-,下記から2つまでチョイスする。【1】自分の場のフォロワー1体を選ぶ。それは【突進】を持つ。自分のリーダーに1ダメージ。【2】相手の場のフォロワー1体を選ぶ。それに2ダメージ。自分のリーダーに1ダメージ。【3】自分のリーダーに1ダメージ。1枚引く。自分の手札1枚を捨てる。
PR-350,スペシャルウィーク,ドラゴン,フォロワー,ウマ娘,2,2,2,"【進化】【コスト1】：これは進化する。
【食事】【コスト1】：これは出走する。
【ファンファーレ】自分のデッキの上1枚を見る。その中から、ウマ娘・カード1枚を公開して手札に加えてよい。"
PR-351,一刀の幽鬼・カゲロウ,ナイトメア,フォロワー,荒野・死者,2,2,2,"【ネクロチャージ_10】これは【突進】【必殺】を持つ。
【ファンファーレ】下記から1つチョイスする。【1】自分の墓場の『魂の一刀』1枚を選ぶ。それをEXエリアに置く。【NC_20】このターン、それをプレイする際、コストを-2する。【2】自分のデッキの上2枚を墓場に置く。"
PR-352,フォレストフェアリー,エルフ,フォロワー,妖精,2,2,2,【進化】【コスト1】：これは進化する。
PR-353,フォレストフェアリー,エルフ,フォロワー・エボルヴ,妖精,-,3,3,"【進化時】『フェアリーウィスプ』1枚と『フェアリー』1枚をEXエリアに置く。自分のEXエリアの妖精・フォロワーが3枚以上なら、自分のリーダーは【体力】+2する。
―――――――――――――――
『フェアリーウィスプ』【エルフ】妖精・フォロワー【コスト0】【攻撃力】1/【体力】1
『フェアリー』【エルフ】妖精・フォロワー【コスト1】【攻撃力】1/【体力】1"
PR-354,暴威の武人・ジェノ,ロイヤル,フォロワー,兵士・レヴィオン・獣・キラー,4,4,3,"これをプレイする際、元のコスト3以下の場のレヴィオン・フォロワー1体を墓場に置く：コストを-3する。
【ファンファーレ】相手の場のフォロワー1体を選ぶ。それに4ダメージ。"
PR-355,グランドブレイク,ウィッチ,スペル,魔法使い,1,-,-,相手の場のフォロワー1体を選ぶ。それに2ダメージ。自分の場の魔法使い・フォロワーが2体以上なら、代わりに4ダメージ。それのリーダーに1ダメージ。
PR-356,大地のドラゴニュート,ドラゴン,フォロワー,ドラゴニュート・武闘竜人,2,2,2,【ファンファーレ】自分のデッキの上1枚を見る。その中から、武闘竜人・カード1枚を公開して手札に加えてよい。【覚醒】状態なら、自分のリーダーは【体力】+2する。
PR-357,鎖杖のネクロマンサー,ナイトメア,フォロワー,死霊術師,3,3,3,"【進化】【コスト1】：これは進化する。
【ファンファーレ】自分のデッキの上1枚を墓場に置く。"
PR-358,鎖杖のネクロマンサー,ナイトメア,フォロワー・エボルヴ,死霊術師,-,4,4,【進化時】自分の墓場の元のコスト3以下の死者・フォロワー1枚を選ぶ。それを場に出す。
PR-359,封じられた法典,ビショップ,アミュレット,狂信,1,-,-,"【ラストワード】自分のリーダーは【体力】+1する。1枚引く。
【起動】【コスト5】これを【アクト】墓場に置く：相手の場のフォロワー1体を選ぶ。それを破壊する。"
PR-360,九尾の決意,エルフ,スペル,荒野・狩人・獣,1,-,-,下記から2つまでチョイスする。【1】自分の場の『九火石炎・セッカ』1体を選ぶ。自分の消滅領域が9枚以上なら、それは【攻撃力】+2/【体力】+2して、【疾走】を持つ。【2】自分の場の「カード名に『セッカ』を含むフォロワー」1体と相手の場のフォロワー1体を選ぶ。前者は【攻撃力】+2/【体力】+2する。後者に「前者の攻撃力」と同じダメージ。
PR-361,爆炎の咆哮,ドラゴン,スペル,荒野・ドラゴニュート・武闘竜人,2,-,-,"これをプレイする際、コストを+3してよい。
相手の場のフォロワー1体を選ぶ。それに3ダメージ。コストを+3したなら、自分のデッキから『焦熱の竜翼・ドラーク』1枚を探し、場に出す。それは【指定攻撃】を持つ。"
PR-362,ウオッカ,ウィッチ,フォロワー,ウマ娘,3,3,3,"これをプレイする際、自分の場に『ダイワスカーレット』がいるなら、コストを-2する。
【食事】【コスト1】：これは出走する。
ターンごとに1回、自分がスペルをプレイしたとき、自分のウマ娘・フォロワーすべては【攻撃力】+1/【体力】+1して、【突進】を持つ。"
PR-363,マヤノトップガン,ナイトメア,フォロワー,ウマ娘,1,2,1,"【食事】【コスト1】：これは出走する。
【突進】
【ファンファーレ】自分の他のウマ娘・カードが4枚なら、これは【疾走】を持つ。
【ファンファーレ】自分の墓場のウマ娘・カードが5枚以上なら、これは【攻撃力】+2する。"
PR-364,魔術の始祖・マナリア,ウィッチ,フォロワー,魔法使い・学院,3,2,4,"【進化】【コスト1】：これは進化する。
これが場にいる限り、自分が学院・フォロワーをプレイする際、コストを-1する。
【ファンファーレ】手札の学院・フォロワー1枚を公開：相手の場のフォロワー1体を選ぶ。それに2ダメージ。"
PR-365,迫る熱に押されて,ロイヤル,スペル,ウマ娘,2,-,-,自分のフォロワー1体を選ぶ。それは【疾走】を持つ。それがウマ娘・フォロワーなら、それは【攻撃力】+1/【体力】+1する。
PR-366,生還の突撃兵,ロイヤル,フォロワー,兵士,1,3,1,"【指定攻撃】
これは相手のリーダーを攻撃できない。
自分のエンドフェイズが来たとき、自分の場に元のコスト3以上の指揮官・カードがあるなら、【コスト1】：自分の墓場のこれを場に出す。"
PR-367,因果の迷い子・アンサージュ,ナイトメア,フォロワー,宴楽・死者,2,2,2,"これを自分の手札から捨てたときかこれが自分の手札から消滅したとき、これをEXエリアに置いてよい。
【進化】【コスト1】：これは進化する。"
PR-368,因果の迷い子・アンサージュ,ナイトメア,フォロワー・エボルヴ,宴楽・死者,-,3,3,【進化時】自分のデッキの上4枚を見る。その中から、宴楽・カード1枚をEXエリアに置いてよい。残りを好きな順にデッキの下に置く。
PR-369,レヴィオンの正義,ロイヤル,スペル,指揮官・レヴィオン,3,-,-,"これをプレイする際、コストを+2してよい。
相手の場のフォロワー1体を選ぶ。それに3ダメージ。自分のデッキから『レヴィオンデューク・ユリウス』1枚を探し、場に出す。コストを+2したなら、自分のデッキから『レヴィオンセイバー・アルベール』1枚を探し、場に出す。"
PR-370,ねじまき売り子,エルフ,フォロワー,宴楽・人形・超克,1,2,1,"【ファンファーレ】『操り人形』1枚をEXエリアに置く。自分のEXエリアのカードが3枚以上なら、自分のリーダーは【体力】+1する。
―――――――――――――――
『操り人形』【ニュートラル】人形・フォロワー【コスト1】【攻撃力】1/【体力】1【突進】"
PR-371,盗賊の乱飛,ロイヤル,スペル,宴楽・指揮官・盗賊,1,-,-,"下記から1つチョイスする。【1】相手の場のフォロワー1体を選ぶ。それに2ダメージ。『輝く金貨』1枚をEXエリアに置く。【2】相手の場のフォロワー1体を選ぶ。自分のEXエリアの宴楽・カードが3枚以上なら、それに4ダメージ。
―――――――――――――――
『輝く金貨』【ロイヤル】宴楽・盗賊・財宝・スペル【コスト0】【起動】【コスト1】EXエリアのこれと『輝く金貨』2枚を消滅：自分のリーダーは【体力】+1する。1枚引く。"
PR-372,雷雲のアルケミスト,ウィッチ,フォロワー,錬金術師,3,3,3,【ファンファーレ】相手の場のフォロワー1体を選ぶ。それに3ダメージ。自分の場の【スタック】を+1する。
PR-373,竜山の鳴動,ドラゴン,スペル,宴楽・竜族,4,-,-,"これをプレイする際、場の『竜山温泉』1つの神湯カウンター2個を取る：コストを-2する。
相手の場のフォロワー1体を選ぶ。それを破壊する。1枚引く。"
PR-374,月下の跳躍,ナイトメア,スペル,魔界・獣,1,-,-,自分の場の【ナイトメア】フォロワー1体を選ぶ。それは【攻撃力】+1する。自分の手札が0枚なら、それは【疾走】を持つ。
PR-375,清めの間,ビショップ,アミュレット,宴楽・狂信,1,-,-,"【ファンファーレ】『招来の狐』2枚をEXエリアに置く。
【起動】これを【アクト】墓場に置く：自分のEXエリアの『招来の狐』1枚を場に出す。この能力は自分の場に元のコスト2以上の狂信・フォロワーがいるなら使える。
―――――――――――――――
『招来の狐』【ビショップ】宴楽・狂信・獣・フォロワー【コスト1】【攻撃力】0/【体力】1【守護】【ファンファーレ】自分のリーダーは【体力】+1する。"
PR-376,輝く金貨,ロイヤル,スペル・トークン,宴楽・盗賊・財宝,0,-,-,【起動】【コスト1】EXエリアのこれと『輝く金貨』2枚を消滅：自分のリーダーは【体力】+1する。1枚引く。
PR-377,招来の狐,ビショップ,フォロワー・トークン,宴楽・狂信・獣,1,0,1,"【守護】
【ファンファーレ】自分のリーダーは【体力】+1する。"
PR-378,伊達の大見得,ロイヤル,スペル,宴楽・指揮官,3,-,-,"相手の場のフォロワー1体を選ぶ。それに5ダメージ。『輝く金貨』1枚をEXエリアに置く。自分の墓場の宴楽・カードが5枚以上か自分の墓場の【ロイヤル】カードが10枚以上なら、自分のデッキから『華の大将・タケツミ』1枚を探し、場に出す。
―――――――――――――――
『輝く金貨』【ロイヤル】宴楽・盗賊・財宝・スペル【コスト0】【起動】【コスト1】EXエリアのこれと『輝く金貨』2枚を消滅：自分のリーダーは【体力】+1する。1枚引く。"
PR-379,惑わぬ意志,ナイトメア,スペル,宴楽・死者,2,-,-,"これを自分の手札から捨てたときかこれが自分の手札から消滅したとき、自分の場の【ナイトメア】フォロワー1体を選ぶ。それは【必殺】を持つ。
----------
自分の墓場の元のコスト2以下の宴楽・フォロワー1枚を選ぶ。それを場に出す。それが『因果の迷い子・アンサージュ』なら、それは【攻撃力】+1して、【疾走】を持つ。"
PR-380,天使の恩寵,ニュートラル,スペル,天使,3,-,-,自分のリーダーは【体力】+2する。2枚引く。
PR-381,化かし女将・ホズミ,エルフ,フォロワー,宴楽・獣,3,2,2,"【進化】【コスト1】：これは進化する。
【ファンファーレ】このターン、次に自分が宴楽・カードをプレイする際、コストを-2する。"
PR-382,化かし女将・ホズミ,エルフ,フォロワー・エボルヴ,宴楽・獣,-,3,3,【起動】【コスト2】場の他の宴楽・カード1枚を消滅：自分のデッキから元のコスト7以下のフォロワー1枚を探し、場に出す。この能力は「このターン中に自分がプレイしたカードの枚数」が3枚以上なら、1ターンに1回使える。
PR-383,信仰の一撃,ビショップ,スペル,信仰,3,-,-,相手の場のフォロワー1体を選ぶ。それを消滅させる。
PR-384,プリンセスウィッチ・メルヴィ,ウィッチ,フォロワー,魔法使い,1,1,1,"【突進】
【ファンファーレ】自分の墓場の魔法使い・フォロワーが5枚以上なら、これは【攻撃力】+4する。
【ファンファーレ】【スペルチェイン_5】これは【体力】+4する。"
PR-385,楽園への来訪,ニュートラル,スペル,宴楽,1,-,-,自分のデッキの上4枚を見る。その中から、宴楽・カード1枚をEXエリアに置いてよい。残りを好きな順にデッキの下に置く。
PR-386,楽園の終焉・イツルギ,ナイトメア,フォロワー・アドバンス,宴楽・魔界・獣,4,6,5,"自分のターン中、相手のフォロワーが場から墓場に置かれたとき、それのリーダーに1ダメージ。自分のリーダーは【体力】+1する。
【ファンファーレ】相手の場のフォロワー3体まで選ぶ。その中の1体に5ダメージ。残りの2体に2ダメージ。"
PR-387,灯火の烈絶,ドラゴン,スペル,絶傑・竜族,1,-,-,自分の場のフォロワー1体を選ぶ。それに1ダメージ。相手のリーダーすべてに1ダメージ。1枚引く。
PR-388,ヒーリングフェアリー,エルフ,フォロワー,妖精,2,2,3,【ファンファーレ】場のトークン・フォロワー1体をEXエリアに置く：自分のリーダーは【体力】+2する。
PR-389,戦技斬刀,ロイヤル,スペル,挑戦者・兵士,1,-,-,下記から2つまでチョイスする。【1】相手の場のフォロワー1体を選ぶ。それに2ダメージ。【2】自分の場か自分のEXエリアの『ロストサムライ・カゲミツ』1枚を選ぶ。それに戦意カウンター1個を置く。
PR-390,真実の隠者,ウィッチ,フォロワー,絶傑・魔法使い,3,2,3,【ファンファーレ】自分の墓場の「これと同名を除く絶傑・魔法使い・フォロワー」1枚を選ぶ。それをEXエリアに置く。これが手札以外から場に出ていたなら、このターン、それをプレイする際、コストを-3する。
PR-391,トロピカルマーメイド,ドラゴン,フォロワー,海洋,2,2,2,【ファンファーレ】自分の場の他の海洋・フォロワー1体を選ぶ。それは【攻撃力】+1/【体力】+1する。これがEXエリアからプレイされていたなら、代わりに【攻撃力】+2/【体力】+2して、【突進】【指定攻撃】を持つ。
PR-392,潰し宴,ナイトメア,スペル,挑戦者・妖怪,0,-,-,"【起動】墓場のこれを消滅：自分の場の『一ツ尾狐』すべては【疾走】を持つ。
----------
これをプレイする際、追加コストとして場の『一ツ尾狐』2体を墓場に置く。（追加コストを支払わなければプレイできない）
相手の場のフォロワー1体を選ぶ。それを破壊する。1枚引く。"
PR-393,背理盾・ゼノン,ビショップ,アミュレット,挑戦者・先導,1,-,-,"【ファンファーレ】自分のデッキの上3枚を見る。その中から、【守護】を持つフォロワー1枚を公開して手札に加えてよい。残りを好きな順にデッキの下に置く。
【起動】これを【アクト】墓場に置く：自分の場の【守護】を持つフォロワー1体を選ぶ。それは【体力】+1する。この能力は自分の場の【守護】を持つフォロワーが3体以上なら使える。"
PR-394,凍土の女王・ピアシィ,エルフ,フォロワー,エルフ族,4,3,3,"【進化】【コスト1】：これは進化する。
自分の場のフォロワーが進化したとき、相手のリーダーすべてに1ダメージ。相手の場のフォロワーすべてに2ダメージ。自分のリーダーは【体力】+1する。
【ファンファーレ】自分のエボルヴデッキの表向きのエボルヴフォロワーが3枚以上なら、これは進化する。"
PR-395,凍土の女王・ピアシィ,エルフ,フォロワー・エボルヴ,エルフ族,-,4,4,"自分の場のフォロワーが進化したとき、相手のリーダーすべてに1ダメージ。相手の場のフォロワーすべてに2ダメージ。自分のリーダーは【体力】+1する。
【進化時】自分のデッキから元のコスト2以下のフォロワー1枚を探し、手札に加える。"
PR-396,アシッドゴーレム,ウィッチ,フォロワー,ゴーレム・魔法生物・禁忌,2,2,2,"【進化】【コスト1】：これは進化する。
【ファンファーレ】【土の秘術】相手のリーダー1人か相手の場のフォロワー1体を選ぶ。それに2ダメージ。"
PR-397,アシッドゴーレム,ウィッチ,フォロワー・エボルヴ,ゴーレム・魔法生物・禁忌,-,3,3,【進化時】相手の場のフォロワー1体を選ぶ。それに2ダメージ。
PR-398,グランドスピア,ウィッチ,アミュレット,魔法使い・土の印,1,-,-,"【スタック】
【ファンファーレ】相手の場のフォロワー1体を選ぶ。それに2ダメージ。"
PR-399,ストレイホロウ・イルガンノ,ナイトメア,フォロワー,荒野・死者・魔界,1,1,1,"【ファンファーレ】自分の墓場の元のコスト3以下の荒野・フォロワー1枚を選ぶ。【ネクロチャージ_10】それを場に出してよい。そうしたなら、これは消滅する。
【ラストワード】これをEXエリアに置く。自分のデッキの上1枚を墓場に置く。"
PR-400,操り人形,ニュートラル,フォロワー・トークン,人形,1,1,1,【突進】
PR-401,白き破壊のアーティファクト,ウィッチ,アミュレット・トークン,絶傑・アイドル,1,-,-,自分のメインフェイズが来たとき、自分のリーダーは【体力】+2する。
PR-402,黒き破壊のアーティファクト,ウィッチ,アミュレット・トークン,絶傑・アイドル,2,-,-,自分のメインフェイズが来たとき、相手のリーダーすべてに2ダメージ。
PR-403,覇極,ドラゴン,スペル,絶傑・竜族,2,-,-,自分の場のフォロワー1体を選ぶ。それに2ダメージ。相手の場のフォロワーすべてに2ダメージ。自分の場に『侮蔑の絶傑・ガルミーユ』がいるなら、さらに相手の場のフォロワーすべてに2ダメージ。
PR-404,SEP,-,SEP,-,-,-,-,"バトル開始時、各プレイヤーはSEPを1つ持つ。
先攻のプレイヤーなら7ターン目以降、後攻のプレイヤーなら6ターン目以降に【進化】のコストを払うとき、追加でSEPを1つ裏向きにしてよい。そうしたなら、そのフォロワーは【攻撃力】+1/【体力】+1して、【超進化時】能力が働く。"
PR-405,森の弓使い・アリサ,エルフ,リーダー,-,-,-,-,
PR-406,スパークルアサルト,ニュートラル,スペル,傭兵,2,-,-,相手のフォロワー1体を選ぶ。それに3ダメージ。それがエボルヴフォロワーなら、代わりに4ダメージ。
PR-407,輪廻する回生,エルフ,スペル,エルフ族・精霊,2,-,-,自分の墓場の「カード名に『アマツ』を含むフォロワー」1枚を選ぶ。それを場に出す。
PR-408,妖精の弓使い,エルフ,フォロワー,妖精・狩人,2,2,1,"【ファンファーレ】『フェアリー』1体を場に出す。自分のデッキの上3枚を見る。その中から、妖精・カード1枚を公開して手札に加えてよい。残りを好きな順にデッキの下に置く。
―――――――――――――――
『フェアリー』【エルフ】妖精・フォロワー【コスト1】【攻撃力】1/【体力】1"
PR-409,辺境の騎士見習い,ロイヤル,フォロワー,兵士,1,1,1,"【ファンファーレ】自分の墓場の【ロイヤル】フォロワーが5枚以上なら、これは【攻撃力】+1して、【突進】を持つ。
【ラストワード】1枚引く。"
PR-410,サモンサークル,ウィッチ,アミュレット,錬金術師・土の印,2,-,-,"【スタック】
【ファンファーレ】『防御型ゴーレム』1体を出す。
【ファンファーレ】手札1枚を捨てる：『攻撃型ゴーレム』1枚をEXエリアに置く。自分の場と自分のEXエリアのゴーレム・フォロワーすべては【攻撃力】+1する。"
PR-411,連鎖する雷,ウィッチ,スペル,魔法使い,3,-,-,"自分のエンドフェイズが来たとき、自分のEXエリアのこれを墓場に置く。
----------
相手のリーダーすべてに4ダメージ。自分の場の魔法使い・フォロワーが2体以上なら、これをEXエリアに置く。"
PR-412,銀氷の吹雪,ドラゴン,スペル,ドラゴニュート,4,-,-,"これをプレイする際、自分の場に「カード名に『フィルレイン』を含むフォロワー」がいるなら、コストを-2する。
相手の場のフォロワーを好きな枚数選ぶ。それにXダメージを割りふる。Xは「自分のPP最大値」である。"
PR-413,紅の仁義,ナイトメア,スペル,魔界,2,-,-,"これをプレイする際、元のコスト2の場のフォロワー2体を【アクト】：コストを-1する。
これをプレイする際、自分の場に「カード名に『ユヅキ』を含むフォロワー」がいるなら、コストを-1する。
相手の場のフォロワー1体を選ぶ。それに4ダメージ。"
PR-414,鮮血の首飾り,ナイトメア,アミュレット,吸血鬼,1,-,-,【起動】これを【アクト】墓場に置く：自分のリーダーに1ダメージ。1枚引く。
PR-415,ルナールの聖騎士,ビショップ,フォロワー,信仰・獣,2,1,1,"【進化】【コスト1】：これは進化する。
【守護】"
PR-416,ルナールの聖騎士,ビショップ,フォロワー・エボルヴ,信仰・獣,-,2,2,"【守護】
【進化時】自分のデッキの上4枚を見る。その中から、元のコスト2以下のフォロワー1枚を場に出してよい。残りを好きな順にデッキの下に置く。それが【守護】を持つフォロワーなら、自分のリーダーは【体力】+2する。"
PR-417,EP,-,EP,-,-,-,-,
PR-418,奏絶の破壊・リーシェナ,ウィッチ,フォロワー,絶傑・アイドル,3,3,3,"【進化】【コスト1】：これは進化する。
【ファンファーレ】自分の場のアイドル・カードが3枚以上なら、『奏絶の独唱』1枚をEXエリアに置く。"
PR-419,ベルエンジェル・リア,ニュートラル,フォロワー,天使,1,0,3,"【守護】
【ラストワード】自分のリーダーは【体力】+1する。1枚引く。"
PR-420,ラヴサイン,エルフ,リーダー,-,-,-,-,
PR-421,歪原火織,ウィッチ,リーダー,-,-,-,-,
PR-422,ディアロジアーレ,ナイトメア,リーダー,-,-,-,-,
PR-423,エスペランサ,ビショップ,リーダー,-,-,-,-,
PR-424,ベビーカーバンクル,エルフ,フォロワー,精霊・獣,1,0,1,【ファンファーレ】場の「これと同名を除く獣・カード」1枚を手札に戻す：1枚引く。（手札に戻ったトークンはゲームから取り除く）
PR-425,勇猛のルミナスランサー,ロイヤル,フォロワー,指揮官・ルミナス,2,1,1,"【ファンファーレ】『スティールナイト』1体を場に出す。
【起動】【コスト0】：自分の場の兵士・トークン・フォロワー1体を選ぶ。それは【攻撃力】+2して、【疾走】を持つ。この能力は自分の場の「それぞれカード名が異なる兵士・トークン・フォロワー」が3体以上なら、1ターンに1回使える。"
PR-426,アドラブルティーチャー・ミラ,ウィッチ,フォロワー,魔法使い・学院,2,2,2,【ファンファーレ】手札の学院・カード1枚を捨てる：2枚引く。
PR-427,艶麗なる竜人・マリオン,ドラゴン,フォロワー,ドラゴニュート,2,2,3,"【ファンファーレ】1枚引く。自分の手札1枚を捨てる。
【起動】これを【アクト】：相手の場のフォロワー1体を選ぶ。それに4ダメージ。この能力は自分の墓場の元のコスト7以上の【ドラゴン】カードが4枚以上なら使える。"
PR-428,魂の捕食,ナイトメア,スペル,魔界,2,-,-,相手の場のフォロワー1体と自分の場のフォロワー1体を選ぶ。それを破壊する。1枚引く。
PR-429,水の守護神・サレファ,ビショップ,フォロワー,信仰・先導・光輝,2,2,3,"【ファンファーレ】場のアミュレット1つを【アクト】：相手の場のフォロワー1体を選ぶ。次のそれのプレイヤーのターン中、それは相手を攻撃できない。
【起動】場のアミュレット1つを【アクト】：相手の場のフォロワー1体を選ぶ。次のそれのプレイヤーのターン中、それは相手を攻撃できない。この能力は1ターンに1回使える。"
PR-430,青薔薇の令嬢・セレス,ナイトメア,フォロワー,死者,2,1,3,"【必殺】
【ネクロチャージ_5】これは【疾走】を持つ。
自分のターン中、これが相手のリーダーにダメージを与えたとき、相手のプレイヤーすべては、自身の手札1枚を捨てる。"
PR-431,穏やかなる教会,ビショップ,アミュレット,信仰,1,-,-,"【ファンファーレ】自分のデッキから先導・アミュレット1枚を探し、手札に加える。
【ラストワード】自分のリーダーは【体力】+1する。
【起動】これを【アクト】：これを墓場に置く。この能力はこれに祈りカウンターが置かれているなら使える。"
PR-432,煌刃の勇者・アマリア,ロイヤル,フォロワー,兵士,4,4,4,"【ファンファーレ】相手の場のフォロワー1体を選ぶ。それに4ダメージ。自分のEXエリアの兵士・トークン・フォロワー1枚を場に出す。
【起動】【コスト0】：相手のリーダーすべてに4ダメージ。1枚引く。この能力は自分の場の「それぞれカード名が異なる兵士・トークン・フォロワー」が3体以上なら、1ターンに1回使える。"
PR-433,堕落の決意,ニュートラル,スペル,堕天使,1,-,-,相手の場のフォロワー1体を選ぶ。それに2ダメージ。自分のエボルヴデッキの表向きのエボルヴフォロワーが3枚以上なら、代わりに4ダメージ。自分のエボルヴデッキの表向きのエボルヴフォロワーが5枚以上なら、1枚引く。自分のPPを1回復する。
PR-434,純粋なるウォーターフェアリー,エルフ,フォロワー,妖精,1,2,1,"【ファンファーレ】【ラストワード】『フェアリー』1枚をEXエリアに置く。
―――――――――――――――
『フェアリー』【エルフ】妖精・フォロワー【コスト1】【攻撃力】1/【体力】1"
PR-435,〔よくばりサニーバカンス〕アナスタシア,エルフ,フォロワー,デレマス・クール,5,2,4,"自分のターン中、自分がカードをプレイしたとき、このターン中に3枚目のカードなら、自分のPPを2回復する。このターン中に5枚目のカードなら、自分の場のフォロワーすべては【攻撃力】+1/【体力】+1する。
【ファンファーレ】自分のPPを2回復する。"
PR-436,〔サマーキャット☆ランデブー〕前川みく,エルフ,フォロワー,デレマス・キュート,2,3,1,"【攻撃時】相手の場のフォロワー1体を選ぶ。それに2ダメージ。
【起動】【コスト1】【レッスン_1】：これは【疾走】を持つ。"
PR-437,夏色の南風,エルフ,スペル,デレマス・クール,1,-,-,1枚引く。自分の場に元のコスト5以上のフォロワーがいるなら、自分のPPを1回復する。
PR-438,〔踏み出す夏空〕小日向美穂,ロイヤル,フォロワー,デレマス・キュート,2,2,2,"自分の場にキュート・フォロワーが3体以上いる限り、これは【突進】を持つ。
【ファンファーレ】自分のデッキの上1枚を見る。その中から、キュート・カード1枚を公開して手札に加えてよい。"
PR-439,〔マーメイド・スター〕本田未央,ロイヤル,フォロワー,デレマス・パッション,6,5,5,"【突進】
【ファンファーレ】自分のデッキの上2枚を見る。その中から、パッション・フォロワー1枚を場に出してよい。残りを墓場に置く。
【起動】【コスト2】【レッスン_2】：自分のデッキの上2枚を見る。その中から、パッション・フォロワー1枚を場に出してよい。残りを墓場に置く。"
PR-440,メモリアル★ビーチサイド,ウィッチ,スペル,デレマス・パッション,3,-,-,相手の場のフォロワー1体を選ぶ。それに5ダメージ。自分の場にパッション・フォロワーがいるなら、1枚引く。
PR-441,めぐりあう夏,ナイトメア,スペル,デレマス・クール,2,-,-,元のコスト3以下の相手の場のフォロワー1体を選ぶ。それを破壊する。自分のデッキの上1枚を墓場に置く。
PR-442,〔アニバーサリープリンセス〕十時愛梨,ロイヤル,フォロワー,デレマス・パッション,2,2,2,"【進化】【コスト1】：これは進化する。
【ファンファーレ】【コスト1】【レッスン_1】手札のパッション・カード1枚を捨てる：相手の場のフォロワー1体を選ぶ。それに3ダメージ。"
PR-443,フェアリーサークル,エルフ,スペル,妖精,1,-,-,"『フェアリー』3枚をEXエリアに置く。
―――――――――――――――
『フェアリー』【エルフ】妖精・フォロワー【コスト1】【攻撃力】1/【体力】1"
PR-444,覇道の竜翼・フォルテ,ドラゴン,フォロワー,竜使い,5,6,5,"【疾走】【威圧】
【ファンファーレ】自分のPP最大値が10なら、これは【攻撃力】+1して、【オーラ】を持つ。"
PR-445,EP,-,EP,-,-,-,-,"バトル開始時、後攻プレイヤーはEPを3つ持つ。
自分が【進化】のコストを払うとき、表向きのEPを1つ裏向きにすることで、1PPを払える。（進化1回につき使えるEPは1つ）"
PR-446,大いなる熾天使・ラピス,ビショップ,アミュレット,信仰・先導・光輝,3,5,5,"これの祈りカウンターが4個以上である限り、これはフォロワーである。
自分のメインフェイズが来たとき、自分の場の他のカードを好きな枚数選ぶ。それとこれに祈りカウンター1個を置く。
【攻撃時】自分のデッキから『封じられし熾天使』1枚を探し、場に出す。"
PR-447,フロートボードマーセナリー,ニュートラル,フォロワー,機械・傭兵,2,1,1,"【進化】【コスト1】：これは進化する。
【ファンファーレ】『プロダクトマシーン』1体を場に出す。『リペアモード』1枚をEXエリアに置く。
―――――――――――――――
『プロダクトマシーン』【ニュートラル】機械・フォロワー【コスト1】【攻撃力】1/【体力】1【起動】これを【アクト】場の機械・フォロワー3体を墓場に置く：相手の場のフォロワー1体を選ぶ。それに5ダメージ。"
PR-448,フロートボードマーセナリー,ニュートラル,フォロワー・エボルヴ,機械・傭兵,-,2,2,"【進化時】『プロダクトマシーン』1体を場に出す。『リペアモード』1枚をEXエリアに置く。
―――――――――――――――
『リペアモード』【ニュートラル】機械・スペル【コスト1】自分のリーダーは【体力】+1する。"
PR-449,艶やかなる太夫・ギンネ,ロイヤル,フォロワー,宴楽,2,3,2,"【ファンファーレ】下記から2つまでチョイスする。自分の場に『天下の大泥棒・ジエモン』がいるなら、代わりに3つまで。
【1】相手の場のフォロワー1体を選ぶ。それをアクトする。それは次のそれのプレイヤーのスタートフェイズにスタンドしない。【2】1枚引く。自分の手札1枚をデッキの上か下に置く。【3】『輝く金貨』2枚をEXエリアに置く。"
PR-450,達人の芸者,ロイヤル,フォロワー,宴楽・盗賊,3,3,3,"【進化】【コスト1】：これは進化する。
【ファンファーレ】『輝く金貨』1枚をEXエリアに置く。自分の場に『天下の大泥棒・ジエモン』がいるなら、自分のリーダーは【体力】+3する。
―――――――――――――――
『輝く金貨』【ロイヤル】宴楽・盗賊・財宝・スペル【コスト0】【起動】【コスト1】EXエリアのこれと『輝く金貨』2枚を消滅：自分のリーダーは【体力】+1する。1枚引く。"
PR-451,達人の芸者,ロイヤル,フォロワー・エボルヴ,宴楽・盗賊,-,4,4,"自分のEXエリアに『輝く金貨』が置かれたとき、相手の場のフォロワー1体を選ぶ。それに3ダメージ。それのリーダーに1ダメージ。
【進化時】『輝く金貨』1枚をEXエリアに置く。"
PR-452,英雄の覚悟,エルフ,スペル,獣,2,-,-,"これをEXエリアからプレイする際、コストを-1する。
これをプレイする際、自分の場に「カード名に『セタス』を含むフォロワー」がいるなら、コストを-1する。
相手の場のフォロワー1体と自分の場の獣・フォロワー1体を選ぶ。前者に4ダメージ。後者は【攻撃力】+1/【体力】+1する。"
PR-453,陽だまりの邂逅,ロイヤル,スペル,自然・獣・プリンセス,3,-,-,下記から1つチョイスする。【1】自分のデッキから元のコスト3以下の自然・フォロワー1枚を探し、場に出す。【2】【コスト3】：自分のデッキから元のコスト6以下の自然・フォロワー1枚を探し、場に出す。
PR-454,叡智の結実,ウィッチ,スペル,機械・自然・ゴーレム,1,-,-,"自分のデッキの上1枚を見る。その中から、機械・カード1枚をEXエリアに置いてよい。『プロダクトマシーン』1枚をEXエリアに置く。
―――――――――――――――
『プロダクトマシーン』【ニュートラル】機械・フォロワー【コスト1】【攻撃力】1/【体力】1【起動】これを【アクト】場の機械・フォロワー3体を墓場に置く：相手の場のフォロワー1体を選ぶ。それに5ダメージ。"
PR-455,未知との遭遇,ドラゴン,スペル,機械・自然・ドラゴニュート,8,-,-,自分のデッキをシャッフルし、上2枚を見る。その中から、フォロワー2枚まで場に出してよい。残りを墓場に置く。
PR-456,マンマル2号,ナイトメア,フォロワー,機械・魔界,2,1,3,"【守護】
【ファンファーレ】自分のデッキの上2枚を見る。その中から、機械・カード1枚を公開して手札に加えてよい。残りを墓場に置く。"
PR-457,不器用な信頼,ビショップ,スペル,自然・光輝・獣,1,-,-,下記から1つチョイスする。【1】相手の場のフォロワー1体を選ぶ。それに2ダメージ。【2】自分の墓場の「カード名に『ムニャール』を含むフォロワー」1枚を選ぶ。それを場に出す。
PR-458,創出の紫紺・エンネア,ナイトメア,フォロワー,機械・魔界,2,1,1,【進化】【コスト1】：これは進化する。
PR-459,創出の紫紺・エンネア,ナイトメア,フォロワー・エボルヴ,機械・魔界,-,2,2,"【進化時】自分のデッキから『マンマル2号』1枚を探し、場に出す。
【超進化時】自分の墓場の機械・カード1枚を選ぶ。それをEXエリアに置く。このターン、それをプレイする際、コストを-3する。"
PR-460,温かな抱擁,エルフ,スペル,機械・自然・獣,2,-,-,"これをプレイする際、場の『ナテラの大樹』2つを【アクト】：コストを-2する。
自分のリーダーは【体力】+1する。1枚引く。"
PR-461,究明の魔術師・イザベル,ウィッチ,フォロワー,魔法使い,3,3,3,"【進化】【コスト1】：これは進化する。
【ファンファーレ】手札1枚を捨てる：下記から1つチョイスする。【1】相手の場のフォロワー1体を選ぶ。それに3ダメージ。【2】1枚引く。"
PR-462,究明の魔術師・イザベル,ウィッチ,フォロワー・エボルヴ,魔法使い,-,4,4,"【進化時】『ユニオン・マジック』1枚をEXエリアに置く。
―――――――――――――――
『ユニオン・マジック』【ウィッチ】魔法使い・スペル【コスト2】これをプレイする際、【スペルチェイン_5】コストを-1する。相手の場のフォロワー2体まで選ぶ。それに2ダメージ。『アルティメット・マジック』1枚をEXエリアに置く。"
PR-463,新約都市・透京,ニュートラル,アミュレット,透京,1,-,-,"【ファンファーレ】自分のデッキの上3枚を見る。その中から、「これと同名を除く透京・カード」1枚を公開して手札に加えてよい。残りを好きな順にデッキの下に置く。
【起動】【コスト1】これを【アクト】消滅：自分の場の透京・フォロワー1体を選ぶ。それは【攻撃力】+1/【体力】+1する。自分のリーダーは【体力】+1する。"
PR-464,鋼鉄の希望,ナイトメア,スペル,機械・魔界,1,-,-,下記から1つチョイスする。【1】自分のデッキから機械・フォロワー1枚を探し、手札に加える。【2】【コスト6】：自分のデッキから元のコスト4以下の機械・フォロワー1枚と元のコスト3以下の機械・フォロワー1枚と元のコスト2以下の機械・フォロワー1枚を探し、場に出す。
PR-465,栄光の華・エレノア,ウィッチ,フォロワー,魔法使い,1,1,1,"【ファンファーレ】墓場の【ウィッチ】カード1枚を消滅：1枚引く。
【起動】これを【アクト】：相手の場のフォロワー1体を選ぶ。自分の消滅領域が5枚以上なら、それに1ダメージ。自分の消滅領域が10枚以上なら、代わりに4ダメージ。"
PR-466,竜瞳の書記,ドラゴン,フォロワー,透京・ドラゴニュート・武闘竜人,2,2,2,"【進化】【コスト1】：これは進化する。
自分の場の攻撃力4以上の武闘竜人・フォロワーが攻撃したとき、自分のリーダーは【体力】+1する。"
PR-467,竜瞳の書記,ドラゴン,フォロワー・エボルヴ,透京・ドラゴニュート・武闘竜人,-,3,3,"自分の場の攻撃力4以上の武闘竜人・フォロワーが攻撃したとき、自分のリーダーは【体力】+1する。
【進化時】相手の場のフォロワー1体を選ぶ。それに2ダメージ。自分の場に攻撃力4以上の武闘竜人・フォロワーがいるなら、代わりに3ダメージ。"
PR-468,美麗なる術式,ウィッチ,スペル,魔法使い,2,-,-,相手の場のフォロワー3体まで選ぶ。それに3ダメージを割りふる。自分の場に『天外の華・エレノア』がいるなら、代わりに5ダメージ。
PR-469,SEP,-,SEP,-,-,-,-,"バトル開始時、各プレイヤーはSEPを1つ持つ。
先攻のプレイヤーなら7ターン目以降、後攻のプレイヤーなら6ターン目以降に【進化】のコストを払うとき、追加でSEPを1つ裏向きにしてよい。そうしたなら、そのフォロワーは【攻撃力】+1/【体力】+1して、【超進化時】能力が働く。"
PR-470,浄土蒔植,エルフ,スペル,透京・植物族,5,-,-,"これをプレイする際、コストを-Xする。Xは「自分のエボルヴデッキの表向きの透京・エボルヴフォロワーの枚数」である。
自分の墓場の透京・フォロワー2枚まで選ぶ。それを手札に加える。"
PR-471,異端の調査協力,ロイヤル,スペル,透京・探偵,1,-,-,自分のデッキから『全識の六銘伝・シンラ』1枚を探し、手札に加える。自分の場の『ギガブレード』すべてにギガカウンター2個を置く。
PR-472,銀灰の星・アレイスター,ウィッチ,フォロワー,魔法使い,3,2,4,"【突進】【ドレイン】
【ファンファーレ】自分のデッキの上2枚を消滅させる。自分の消滅領域が5枚以上なら、これは【指定攻撃】を持つ。10枚以上なら、これは【攻撃力】+1/【体力】+1する。"
PR-473,オラクルドラゴン,ドラゴン,フォロワー,竜族,9,5,6,"【守護】
自分のエンドフェイズが来たとき、相手の場のフォロワー1体を選ぶ。それに5ダメージ。自分のリーダーは【体力】+1する。
【ファンファーレ】自分の墓場の『オラクルドラゴン』2枚まで選ぶ。それを場に出す。
【起動】【コスト2】手札のこれを捨てる：1枚引く。"
PR-474,高貴なる闇夜・ヴァイト,ナイトメア,フォロワー,吸血鬼,2,2,1,"【ファンファーレ】自分のデッキの上3枚を見る。その中から、吸血鬼・カード1枚を公開して手札に加えてよい。残りを好きな順にデッキの下に置く。「カード名に『ヴァンピィ』を含むフォロワー」を公開したなら、『フォレストバット』1体を場に出す。
【起動】【コスト0】：自分の場の『フォレストバット』すべては【攻撃力】+1/【体力】+1する。この能力は自分の墓場の吸血鬼・カードが5枚以上なら、1ターンに1回使える。"
PR-475,先導者の語らい,ビショップ,スペル,透京・信仰,1,-,-,1枚引く。自分の場に透京・フォロワーがいるなら、自分のリーダーは【体力】+1する。
PR-476,放課後の一時,ドラゴン,スペル,透京・ドラゴニュート・武闘竜人,7,-,-,自分のデッキから元のコスト3以下の透京・フォロワーをカード名が異なるように3枚まで探し、場に出す。自分のリーダーは【体力】+2する。
PR-477,炎術検定A級,ニュートラル,スペル,透京・区役所,1,-,-,相手の場のフォロワー1体を選ぶ。それに2ダメージ。自分の場に『魔汚区役所職員・災藤』がいるなら、それのリーダーに1ダメージ。
PR-478,ダークセイバー・メリッサ,ロイヤル,フォロワー,指揮官・プリンセス,4,6,4,"【突進】【指定攻撃】
【ファンファーレ】相手の場のフォロワー1体を選ぶ。それのプレイヤーの場のカードが3枚以上なら、それを破壊する。これは【オーラ】とこのターン、「これはダメージを受けない」を持つ。"
PR-479,紅き血の女王・ヴァンピィ,ナイトメア,フォロワー,吸血鬼・プリンセス,2,2,2,"【進化】【コスト1】：これは進化する。
【ファンファーレ】手札の吸血鬼・カード1枚を捨てる：『フォレストバット』1枚をEXエリアに置く。1枚引く。
―――――――――――――――
『フォレストバット』【ナイトメア】吸血鬼・フォロワー【コスト1】【攻撃力】1/【体力】1"
PR-480,紅き血の女王・ヴァンピィ,ナイトメア,フォロワー・エボルヴ,吸血鬼・プリンセス,-,3,3,"【進化時】相手の場のフォロワー1体を選ぶ。それに2ダメージ。
【超進化時】これは「これが場にいる限り、自分の場の『フォレストバット』すべては【疾走】【必殺】を持つ」を持つ。"
PR-481,歪なる進歩,ニュートラル,スペル,透京,2,-,-,"これをプレイする際、追加コストとして手札の透京・カード1枚を捨てる。（追加コストを支払わなければプレイできない）
相手の場のフォロワー1体を選ぶ。それに4ダメージ。自分のリーダーは【体力】+1する。1枚引く。"
PR-482,佰死と佰亡の六銘伝・イルゼ＆ウルゼ,ナイトメア,フォロワー,透京・魔界,3,3,3,"【進化】【コスト1】：これは進化する。
【ファンファーレ】自分のデッキの上2枚を墓場に置く。"
PR-483,マドロスエルフ,エルフ,フォロワー,アルカナ・エルフ族,2,1,1,"【進化】【コスト1】：これは進化する。
自分の場に傭兵・フォロワーが出たとき、それは【攻撃力】+1/【体力】+1して、【突進】を持つ。"
PR-484,マドロスエルフ,エルフ,フォロワー・エボルヴ,アルカナ・エルフ族,-,2,2,"自分の場に傭兵・フォロワーが出たとき、それは【攻撃力】+1/【体力】+1して、【突進】を持つ。
【進化時】自分のデッキの上4枚を見る。その中から、元のコスト2以下のフォロワー1枚をEXエリアに置いてよい。残りを好きな順にデッキの下に置く。このターン、それをプレイする際、コストを-2する。"
PR-485,人外魔境・クリストフ,ナイトメア,フォロワー,死者・キラー,4,4,4,【ファンファーレ】自分の墓場の「これと同名を除く元のコスト5以下の【ナイトメア】フォロワー」1枚を選ぶ。【ネクロチャージ_10】それを場に出す。それは【守護】を持つ。
PR-486,ソウルガイド・エイミー,ナイトメア,フォロワー,魔界,1,1,1,"【進化】【コスト2】：これは進化する。
【ファンファーレ】場の他のフォロワー1体を墓場に置く：2枚引く。"
PR-487,ソウルガイド・エイミー,ナイトメア,フォロワー・エボルヴ,魔界,-,2,2,【進化時】自分のリーダーは【体力】+2する。
PR-488,眷属への贈り物,ナイトメア,スペル,吸血鬼・プリンセス,2,-,-,"これをプレイする際、自分の墓場の吸血鬼・カードが5枚以上なら、コストを-2する。
『フォレストバット』2体を出す。自分の墓場に「カード名に『ヴァンピィ』を含むフォロワー」があるなら、1枚引く。
―――――――――――――――
『フォレストバット』【ナイトメア】吸血鬼・フォロワー【コスト1】【攻撃力】1/【体力】1"
PR-489,森番の弓,エルフ,アミュレット,エルフ族,1,-,-,"ターンごとに1回、自分の場に【エルフ】フォロワーが出たとき、これに矢カウンター1個を置く。
【ファンファーレ】自分の場に『深緑の弓使い・アリサ』がいるなら、これに矢カウンター2個を置く。
【起動】これを【アクト】墓場に置く：相手の場のフォロワー1体を選ぶ。それにXダメージ。Xは「これに置かれていた矢カウンターの数」である。"
PR-490,アヴァリティア,ロイヤル,スペル,絶傑・盗賊,1,-,-,自分のデッキの上4枚を見る。その中から、盗賊・カード1枚を公開して手札に加えてよい。残りを好きな順にデッキの下に置く。『簒奪の絶傑・オクトリス』を公開したなら、これを手札に戻す。
PR-491,一世の探究,ウィッチ,スペル,宴楽・魔法使い・禁忌,3,-,-,自分のデッキの上4枚を見る。その中から、2枚を公開して手札に加える。残りを墓場に置く。自分の場に『真理の大文豪・ユキシマ』がいるなら、自分のPPを1回復する。
PR-492,白亜の竜騎士,ドラゴン,フォロワー,竜使い・武闘竜人,5,3,4,【ファンファーレ】自分のデッキから元のコスト4以下の武闘竜人・フォロワー1枚を探し、場に出す。【覚醒】状態なら、自分のリーダーは【体力】+3する。
PR-493,ファースト・ワン,ナイトメア,スペル,機械・魔界,1,-,-,下記から1つチョイスする。【1】自分の墓場の機械・フォロワー1枚を選ぶ。それを手札に加える。【2】自分の墓場の『真紅の抗戦者・モノ』1枚を選ぶ。それを場に出す。
PR-494,エイラの祈祷,ビショップ,アミュレット,信仰,3,-,-,ターンごとに1回、自分のリーダーの【体力】を+したとき、自分のフォロワーすべては【攻撃力】+1/【体力】+1する。
PR-495,ミツキ,ロイヤル,フォロワー,プリコネ・トワイライトキャラバン,4,4,4,"【ファンファーレ】相手の場のフォロワー2体まで選ぶ。それは【攻撃力】-2/【体力】-2する。
----------
自分の場の他のフォロワーの能力が発動したとき、相手の場のフォロワー1体を選ぶ。それは【攻撃力】-1/【体力】-1する。"
PR-496,クロエ,ウィッチ,フォロワー,プリコネ・なかよし部,2,3,2,"【ファンファーレ】相手の場のフォロワー1体を選ぶ。それに「自分の場のなかよし部・フォロワーの数」と同じダメージ。
----------
自分がなかよし部・カードかプリコネ・スペルをプレイしたとき、相手のリーダーすべてに1ダメージ。"
PR-497,ヒヨリ,ドラゴン,フォロワー,プリコネ・トゥインクルウィッシュ,4,4,4,"【攻撃時】相手の場のフォロワー1体を選ぶ。それとそれのリーダーに2ダメージ。自分のPP最大値が10なら、代わりに4ダメージ。
----------
【突進】
【ファンファーレ】自分のデッキから元のコスト1のトゥインクルウィッシュ・フォロワー1枚を探し、EXエリアに置く。"
PR-498,イノリ,ドラゴン,フォロワー・エボルヴ,プリコネ・ドラゴンズネスト,-,3,3,"【起動】これを【アクト】：相手のリーダーすべてと相手の場のフォロワーすべてに1ダメージ。この能力は【覚醒】状態なら使える。
----------
【進化時】自分のデッキから「これと同名を除くドラゴンズネスト・カード」1枚を探し、手札に加える。"
PR-499,レイ,ナイトメア,フォロワー,プリコネ・トゥインクルウィッシュ,1,1,2,"【攻撃時】これは【攻撃力】+1する。これを含めず、このターン中に自分の能力が2回以上発動していたなら、代わりに【攻撃力】+2する。
----------
【突進】"
PR-500,ユイ,ビショップ,フォロワー・エボルヴ,プリコネ・トゥインクルウィッシュ,-,2,2,"【進化時】【コストX】：自分の墓場の元のコストX以下のプリコネ・フォロワー1枚を選ぶ。それを場に出す。
----------
自分の場の他のフォロワーの能力が発動したとき、自分のリーダーは【体力】+1する。"
PR-501,ミサト,ビショップ,フォロワー,プリコネ・フォレスティエ,1,2,2,"【ファンファーレ】場のアミュレット1つを墓場に置く：自分のリーダーは【体力】+2する。
----------
【守護】"
PR-502,ネネカ,ウィッチ,フォロワー,プリコネ・七冠,2,0,1,"【ファンファーレ】自分の場に『ミラーイメージ・ネネカ』がいないなら、『ミラーイメージ・ネネカ』1体を場に出す。
----------
【ファンファーレ】【コスト2】：これは『ワンドオブミラージュ』1枚を装備する。
【起動】これを【アクト】：相手の場のフォロワー1体を選ぶ。それに1ダメージ。"
PR-503,ムイミ,ドラゴン,フォロワー,プリコネ,2,2,3,【ファンファーレ】1枚引く。自分の手札1枚を捨てる。【覚醒】状態なら、これは『絆の証』1枚を装備する。自分のPP最大値が10なら、これは【攻撃力】+3する。
PR-504,カスミ,ニュートラル,フォロワー,プリコネ・カォン,2,1,3,"【進化】【コスト1】：これは進化する。
【ファンファーレ】手札のプリコネ・カード1枚をEXエリアに置く：自分のデッキの上2枚を見る。その中から、好きな枚数を好きな順にデッキの上に置く。残りを好きな順にデッキの下に置く。"
PR-505,ホマレ,ドラゴン,フォロワー,プリコネ・ドラゴンズネスト,5,4,5,"【起動】これを【アクト】：相手の場のフォロワー1体を選ぶ。それに5ダメージ。【覚醒】状態なら、自分のPPを2回復する。
----------
自分の場の他のフォロワーの能力が発動したとき、自分のPP最大値を+1する。
【ファンファーレ】自分のPP最大値を+1する。"
PR-506,シズル,ロイヤル,フォロワー,プリコネ・ラビリンス,3,2,4,"【起動】これを【アクト】：相手の場のフォロワー1体を選ぶ。それに1ダメージ。自分のリーダーは【体力】+1する。
----------
【守護】
【ファンファーレ】自分のデッキから元のコスト1の【進化】を持つプリコネ・フォロワー1枚を探し、EXエリアに置く。"
PR-507,エリコ,ナイトメア,フォロワー,プリコネ・トワイライトキャラバン,1,2,2,【ファンファーレ】相手の場のフォロワー1体を選ぶ。それに1ダメージ。これを含めず、このターン中に自分の能力が2回以上発動していたなら、代わりに3ダメージ。
PR-508,迸る光明・アポロン,ニュートラル,フォロワー,大神,3,3,3,"【進化】【コスト1】：これは進化する。
【ファンファーレ】相手のリーダーすべてと相手の場のフォロワーすべてに1ダメージ。"
PR-510,アメス,ニュートラル,フォロワー・エボルヴ,プリコネ,-,3,3,【進化時】下記から1つチョイスする。【1】自分の場の他のフォロワー1体を選ぶ。それは【守護】を持つ。【2】自分の場の「これと同名を除くプリコネ・フォロワー」1体を選ぶ。これを含めず、このターン中に自分の能力が2回以上発動していたなら、それの能力1つを元のコストを支払わずに発動する。
PR-511,シェフィ,ドラゴン,フォロワー,プリコネ・美食殿,2,2,2,"【ファンファーレ】相手の場のフォロワー1体を選ぶ。それは次のそれのプレイヤーのスタートフェイズにスタンドしない。
----------
【進化】【コスト1】：これは進化する。
【ファンファーレ】【覚醒】状態なら、これは『氷竜剣』1枚を装備する。"
