직업,덱코드,대회코드,아키타입ID,아키타입명(대표카드 top5)
アイドルマスター シンデレラガールズ,6CM6B,1459563,1,〔Triad Primus〕渋谷凛 / 〔ソング・フォー・ライフ〕北条加蓮 / 〔光を捕まえて〕アナスタシア / 〔朱華色の夢〕藤原肇 / 〔シンデレラガール〕渋谷凛
アイドルマスター シンデレラガールズ,U9AL,1469473,1,〔Triad Primus〕渋谷凛 / 〔ソング・フォー・ライフ〕北条加蓮 / 〔光を捕まえて〕アナスタシア / 〔朱華色の夢〕藤原肇 / 〔シンデレラガール〕渋谷凛
アイドルマスター シンデレラガールズ,27ZES,1472403,2,〔てづくりのしあわせ〕高森藍子 / 〔ポジティブパッション〕日野茜 / 龍崎薫 / 〔フルスイング☆エール〕姫川友紀 / 〔シンデレラガール〕本田未央
アイドルマスター シンデレラガールズ,U9AL,1499928,1,〔Triad Primus〕渋谷凛 / 〔ソング・フォー・ライフ〕北条加蓮 / 〔光を捕まえて〕アナスタシア / 〔朱華色の夢〕藤原肇 / 〔シンデレラガール〕渋谷凛
アイドルマスター シンデレラガールズ,U9AL,1510835,1,〔Triad Primus〕渋谷凛 / 〔ソング・フォー・ライフ〕北条加蓮 / 〔光を捕まえて〕アナスタシア / 〔朱華色の夢〕藤原肇 / 〔シンデレラガール〕渋谷凛
アイドルマスター シンデレラガールズ,1XNE2,1510835,1,〔Triad Primus〕渋谷凛 / 〔ソング・フォー・ライフ〕北条加蓮 / 〔光を捕まえて〕アナスタシア / 〔朱華色の夢〕藤原肇 / 〔シンデレラガール〕渋谷凛
ウィッチ,5FS7S,1471925,2,剥落の暴圧 / 蒙昧なる術式 / 真理の大文豪・ユキシマ / 一世の探究 / 管弦の魔術師
ウィッチ,39E38,1478685,1,蒼の反逆者・テトラ / メカニカルガンナー / 天地の侵略者・ベルフォメット / マシンブックソーサラー / 極致の創造主・ベルフォメット
ウィッチ,6MBAC,1479641,3,干絶の飢餓・ギルネリーゼ / 栄光の華・エレノア / マギスの魔導師 / 越光の六銘伝・マナ / ジュエリーマネージャー・フラージュ
ウィッチ,56M8S,1472403,2,剥落の暴圧 / 蒙昧なる術式 / 真理の大文豪・ユキシマ / 一世の探究 / 管弦の魔術師
ウィッチ,6R8WW,1459750,4,真実の絶傑・ライオ / 真実の宣告 / マジックソードガール / 真実の掟 / レヴィールの保安官補
ウィッチ,3QVJJ,1466761,5,マナリアウィザード・クレイグ / マナリアクイーン・アン / マナリアフレンズ・アン＆グレア / 宿題やるですぅ！ / アドラブルティーチャー・ミラ
ウィッチ,3FD2W,1512636,1,蒼の反逆者・テトラ / メカニカルガンナー / 天地の侵略者・ベルフォメット / マシンブックソーサラー / 極致の創造主・ベルフォメット
ウィッチ,6MBAC,1503248,3,干絶の飢餓・ギルネリーゼ / 栄光の華・エレノア / マギスの魔導師 / 越光の六銘伝・マナ / ジュエリーマネージャー・フラージュ
ウィッチ,2QBMQ,1513104,1,蒼の反逆者・テトラ / メカニカルガンナー / 天地の侵略者・ベルフォメット / マシンブックソーサラー / 極致の創造主・ベルフォメット
ウィッチ,3YM6A,1497462,1,蒼の反逆者・テトラ / メカニカルガンナー / 天地の侵略者・ベルフォメット / マシンブックソーサラー / 極致の創造主・ベルフォメット
ウィッチ,27HD4,1510835,1,蒼の反逆者・テトラ / メカニカルガンナー / 天地の侵略者・ベルフォメット / マシンブックソーサラー / 極致の創造主・ベルフォメット
ウィッチ,1CQV8,1517333,4,真実の絶傑・ライオ / 真実の宣告 / マジックソードガール / 真実の掟 / レヴィールの保安官補
ウィッチ,4PUAE,1502080,6,ラピッドファイア / マジカルストラテジー / チェック / ブリッツ / 製造術
ウィッチ,3TB6W,1518375,2,剥落の暴圧 / 蒙昧なる術式 / 真理の大文豪・ユキシマ / 一世の探究 / 管弦の魔術師
ウマ娘 プリティーダービー,4T568,1472530,2,マヤノトップガン / その背中を越えて / ホッコータルマエ / サウンズオブアース / 〔うららか・ぱっしょん♪〕ハルウララ
ウマ娘 プリティーダービー,1AS58,1471925,1,ナリタブライアン / おどれ・さわげ・フェスれ！ / 紡がれてゆく想い / ジェンティルドンナ / ネオユニヴァース
ウマ娘 プリティーダービー,2WJDY,1472403,1,ナリタブライアン / おどれ・さわげ・フェスれ！ / 紡がれてゆく想い / ジェンティルドンナ / ネオユニヴァース
ウマ娘 プリティーダービー,2BK6W,1459750,1,ナリタブライアン / おどれ・さわげ・フェスれ！ / 紡がれてゆく想い / ジェンティルドンナ / ネオユニヴァース
エルフ,1FF1J,1457051,1,小さな勇士・スクナ / マドロスエルフ / 優美な猫姉妹・シャム＆シャマ / 深緑の弓使い・アリサ / 〔渚の花嫁〕新田美波
エルフ,11584,1457051,1,小さな勇士・スクナ / マドロスエルフ / 優美な猫姉妹・シャム＆シャマ / 深緑の弓使い・アリサ / 〔渚の花嫁〕新田美波
エルフ,4NDDJ,1472530,1,小さな勇士・スクナ / マドロスエルフ / 優美な猫姉妹・シャム＆シャマ / 深緑の弓使い・アリサ / 〔渚の花嫁〕新田美波
エルフ,13AD2,1476239,1,小さな勇士・スクナ / マドロスエルフ / 優美な猫姉妹・シャム＆シャマ / 深緑の弓使い・アリサ / 〔渚の花嫁〕新田美波
エルフ,5BN32,1476239,1,小さな勇士・スクナ / マドロスエルフ / 優美な猫姉妹・シャム＆シャマ / 深緑の弓使い・アリサ / 〔渚の花嫁〕新田美波
エルフ,6G57J,1477108,2,浄樹の六銘伝・ロロ・ロニエ / 樹正の木鐸・キョウ / 樹権の剪定者 / 魔汚区役所職員・災藤 / 新約都市・透京
エルフ,4S4KS,1447476,1,小さな勇士・スクナ / マドロスエルフ / 優美な猫姉妹・シャム＆シャマ / 深緑の弓使い・アリサ / 〔渚の花嫁〕新田美波
エルフ,1ND7L,1447476,3,爆砕の傭兵・フィーナ / マドロスエルフ / 優美な猫姉妹・シャム＆シャマ / 宿命の狐火・セッカ / 深緑の弓使い・アリサ
エルフ,4PCBQ,1475502,1,小さな勇士・スクナ / マドロスエルフ / 優美な猫姉妹・シャム＆シャマ / 深緑の弓使い・アリサ / 〔渚の花嫁〕新田美波
エルフ,4U1UA,1475502,1,小さな勇士・スクナ / マドロスエルフ / 優美な猫姉妹・シャム＆シャマ / 深緑の弓使い・アリサ / 〔渚の花嫁〕新田美波
エルフ,4NDDJ,1478623,1,小さな勇士・スクナ / マドロスエルフ / 優美な猫姉妹・シャム＆シャマ / 深緑の弓使い・アリサ / 〔渚の花嫁〕新田美波
エルフ,5PH74,1478623,1,小さな勇士・スクナ / マドロスエルフ / 優美な猫姉妹・シャム＆シャマ / 深緑の弓使い・アリサ / 〔渚の花嫁〕新田美波
エルフ,3XKGQ,1478623,1,小さな勇士・スクナ / マドロスエルフ / 優美な猫姉妹・シャム＆シャマ / 深緑の弓使い・アリサ / 〔渚の花嫁〕新田美波
エルフ,213D6,1448790,1,小さな勇士・スクナ / マドロスエルフ / 優美な猫姉妹・シャム＆シャマ / 深緑の弓使い・アリサ / 〔渚の花嫁〕新田美波
エルフ,6F596,1472529,1,小さな勇士・スクナ / マドロスエルフ / 優美な猫姉妹・シャム＆シャマ / 深緑の弓使い・アリサ / 〔渚の花嫁〕新田美波
エルフ,5YSJ0,1471925,1,小さな勇士・スクナ / マドロスエルフ / 優美な猫姉妹・シャム＆シャマ / 深緑の弓使い・アリサ / 〔渚の花嫁〕新田美波
エルフ,46G1A,1452654,1,小さな勇士・スクナ / マドロスエルフ / 優美な猫姉妹・シャム＆シャマ / 深緑の弓使い・アリサ / 〔渚の花嫁〕新田美波
エルフ,4M5QN,1452654,3,爆砕の傭兵・フィーナ / マドロスエルフ / 優美な猫姉妹・シャム＆シャマ / 宿命の狐火・セッカ / 深緑の弓使い・アリサ
エルフ,51GEC,1446372,1,小さな勇士・スクナ / マドロスエルフ / 優美な猫姉妹・シャム＆シャマ / 深緑の弓使い・アリサ / 〔渚の花嫁〕新田美波
エルフ,6HP3G,1446372,1,小さな勇士・スクナ / マドロスエルフ / 優美な猫姉妹・シャム＆シャマ / 深緑の弓使い・アリサ / 〔渚の花嫁〕新田美波
エルフ,5HWMN,1457931,1,小さな勇士・スクナ / マドロスエルフ / 優美な猫姉妹・シャム＆シャマ / 深緑の弓使い・アリサ / 〔渚の花嫁〕新田美波
エルフ,1TW94,1477797,1,小さな勇士・スクナ / マドロスエルフ / 優美な猫姉妹・シャム＆シャマ / 深緑の弓使い・アリサ / 〔渚の花嫁〕新田美波
エルフ,5P190,1459563,1,小さな勇士・スクナ / マドロスエルフ / 優美な猫姉妹・シャム＆シャマ / 深緑の弓使い・アリサ / 〔渚の花嫁〕新田美波
エルフ,422F4,1478685,2,浄樹の六銘伝・ロロ・ロニエ / 樹正の木鐸・キョウ / 樹権の剪定者 / 魔汚区役所職員・災藤 / 新約都市・透京
エルフ,15546,1478685,1,小さな勇士・スクナ / マドロスエルフ / 優美な猫姉妹・シャム＆シャマ / 深緑の弓使い・アリサ / 〔渚の花嫁〕新田美波
エルフ,6R8TY,1464806,6,フラワードール / 森の巫女・パメラ / 人形の少女・オーキス / 森林の狼 / 化かし女将・ホズミ
エルフ,1QR64,1464806,1,小さな勇士・スクナ / マドロスエルフ / 優美な猫姉妹・シャム＆シャマ / 深緑の弓使い・アリサ / 〔渚の花嫁〕新田美波
エルフ,6PHFG,1464806,1,小さな勇士・スクナ / マドロスエルフ / 優美な猫姉妹・シャム＆シャマ / 深緑の弓使い・アリサ / 〔渚の花嫁〕新田美波
エルフ,3RECG,1464806,1,小さな勇士・スクナ / マドロスエルフ / 優美な猫姉妹・シャム＆シャマ / 深緑の弓使い・アリサ / 〔渚の花嫁〕新田美波
エルフ,7Z0EC,1459790,1,小さな勇士・スクナ / マドロスエルフ / 優美な猫姉妹・シャム＆シャマ / 深緑の弓使い・アリサ / 〔渚の花嫁〕新田美波
エルフ,5X0L2,1459790,2,浄樹の六銘伝・ロロ・ロニエ / 樹正の木鐸・キョウ / 樹権の剪定者 / 魔汚区役所職員・災藤 / 新約都市・透京
エルフ,1BWQ0,1478741,3,爆砕の傭兵・フィーナ / マドロスエルフ / 優美な猫姉妹・シャム＆シャマ / 宿命の狐火・セッカ / 深緑の弓使い・アリサ
エルフ,4TW96,1472888,1,小さな勇士・スクナ / マドロスエルフ / 優美な猫姉妹・シャム＆シャマ / 深緑の弓使い・アリサ / 〔渚の花嫁〕新田美波
エルフ,2WEB6,1472888,1,小さな勇士・スクナ / マドロスエルフ / 優美な猫姉妹・シャム＆シャマ / 深緑の弓使い・アリサ / 〔渚の花嫁〕新田美波
エルフ,6GACU,1479641,1,小さな勇士・スクナ / マドロスエルフ / 優美な猫姉妹・シャム＆シャマ / 深緑の弓使い・アリサ / 〔渚の花嫁〕新田美波
エルフ,6RUGG,1479641,1,小さな勇士・スクナ / マドロスエルフ / 優美な猫姉妹・シャム＆シャマ / 深緑の弓使い・アリサ / 〔渚の花嫁〕新田美波
エルフ,55B5E,1479641,5,ティートル・ディ＆ダム / 重なり合う決意 / 瘴気の妖精姫・アリア / 純粋なるウォーターフェアリー / 妖精の弓使い
エルフ,3MLJC,1478272,2,浄樹の六銘伝・ロロ・ロニエ / 樹正の木鐸・キョウ / 樹権の剪定者 / 魔汚区役所職員・災藤 / 新約都市・透京
エルフ,2BZ7W,1478272,1,小さな勇士・スクナ / マドロスエルフ / 優美な猫姉妹・シャム＆シャマ / 深緑の弓使い・アリサ / 〔渚の花嫁〕新田美波
エルフ,2HLH6,1478272,1,小さな勇士・スクナ / マドロスエルフ / 優美な猫姉妹・シャム＆シャマ / 深緑の弓使い・アリサ / 〔渚の花嫁〕新田美波
エルフ,59EA8,1467573,1,小さな勇士・スクナ / マドロスエルフ / 優美な猫姉妹・シャム＆シャマ / 深緑の弓使い・アリサ / 〔渚の花嫁〕新田美波
エルフ,6TV76,1467573,1,小さな勇士・スクナ / マドロスエルフ / 優美な猫姉妹・シャム＆シャマ / 深緑の弓使い・アリサ / 〔渚の花嫁〕新田美波
エルフ,1G70U,1467573,1,小さな勇士・スクナ / マドロスエルフ / 優美な猫姉妹・シャム＆シャマ / 深緑の弓使い・アリサ / 〔渚の花嫁〕新田美波
エルフ,4ME3A,1467573,1,小さな勇士・スクナ / マドロスエルフ / 優美な猫姉妹・シャム＆シャマ / 深緑の弓使い・アリサ / 〔渚の花嫁〕新田美波
エルフ,2X4KJ,1469473,1,小さな勇士・スクナ / マドロスエルフ / 優美な猫姉妹・シャム＆シャマ / 深緑の弓使い・アリサ / 〔渚の花嫁〕新田美波
エルフ,270JN,1469473,1,小さな勇士・スクナ / マドロスエルフ / 優美な猫姉妹・シャム＆シャマ / 深緑の弓使い・アリサ / 〔渚の花嫁〕新田美波
エルフ,1GUJY,1469473,2,浄樹の六銘伝・ロロ・ロニエ / 樹正の木鐸・キョウ / 樹権の剪定者 / 魔汚区役所職員・災藤 / 新約都市・透京
エルフ,2VCG0,1467998,1,小さな勇士・スクナ / マドロスエルフ / 優美な猫姉妹・シャム＆シャマ / 深緑の弓使い・アリサ / 〔渚の花嫁〕新田美波
エルフ,51PX6,1467998,2,浄樹の六銘伝・ロロ・ロニエ / 樹正の木鐸・キョウ / 樹権の剪定者 / 魔汚区役所職員・災藤 / 新約都市・透京
エルフ,2TGK4,1476769,4,光の道筋 / 回帰する抱擁・ラティカ / 大いなる回帰 / ワンダーコック / 重なり合う決意
エルフ,117NW,1476113,1,小さな勇士・スクナ / マドロスエルフ / 優美な猫姉妹・シャム＆シャマ / 深緑の弓使い・アリサ / 〔渚の花嫁〕新田美波
エルフ,2MCLC,1459125,1,小さな勇士・スクナ / マドロスエルフ / 優美な猫姉妹・シャム＆シャマ / 深緑の弓使い・アリサ / 〔渚の花嫁〕新田美波
エルフ,3P58A,1459125,1,小さな勇士・スクナ / マドロスエルフ / 優美な猫姉妹・シャム＆シャマ / 深緑の弓使い・アリサ / 〔渚の花嫁〕新田美波
エルフ,5A01Q,1472403,1,小さな勇士・スクナ / マドロスエルフ / 優美な猫姉妹・シャム＆シャマ / 深緑の弓使い・アリサ / 〔渚の花嫁〕新田美波
エルフ,3TQL2,1472403,2,浄樹の六銘伝・ロロ・ロニエ / 樹正の木鐸・キョウ / 樹権の剪定者 / 魔汚区役所職員・災藤 / 新約都市・透京
エルフ,1G5WS,1459750,1,小さな勇士・スクナ / マドロスエルフ / 優美な猫姉妹・シャム＆シャマ / 深緑の弓使い・アリサ / 〔渚の花嫁〕新田美波
エルフ,1BZ6A,1472351,1,小さな勇士・スクナ / マドロスエルフ / 優美な猫姉妹・シャム＆シャマ / 深緑の弓使い・アリサ / 〔渚の花嫁〕新田美波
エルフ,1G3DC,1472351,3,爆砕の傭兵・フィーナ / マドロスエルフ / 優美な猫姉妹・シャム＆シャマ / 宿命の狐火・セッカ / 深緑の弓使い・アリサ
エルフ,6H88S,1472351,2,浄樹の六銘伝・ロロ・ロニエ / 樹正の木鐸・キョウ / 樹権の剪定者 / 魔汚区役所職員・災藤 / 新約都市・透京
エルフ,58H5Y,1466761,2,浄樹の六銘伝・ロロ・ロニエ / 樹正の木鐸・キョウ / 樹権の剪定者 / 魔汚区役所職員・災藤 / 新約都市・透京
エルフ,25WQA,1499928,1,小さな勇士・スクナ / マドロスエルフ / 優美な猫姉妹・シャム＆シャマ / 深緑の弓使い・アリサ / 〔渚の花嫁〕新田美波
エルフ,6QZ5G,1499928,1,小さな勇士・スクナ / マドロスエルフ / 優美な猫姉妹・シャム＆シャマ / 深緑の弓使い・アリサ / 〔渚の花嫁〕新田美波
エルフ,2MX0S,1499928,2,浄樹の六銘伝・ロロ・ロニエ / 樹正の木鐸・キョウ / 樹権の剪定者 / 魔汚区役所職員・災藤 / 新約都市・透京
エルフ,1CL38,1505204,1,小さな勇士・スクナ / マドロスエルフ / 優美な猫姉妹・シャム＆シャマ / 深緑の弓使い・アリサ / 〔渚の花嫁〕新田美波
エルフ,7Z0EC,1519582,1,小さな勇士・スクナ / マドロスエルフ / 優美な猫姉妹・シャム＆シャマ / 深緑の弓使い・アリサ / 〔渚の花嫁〕新田美波
エルフ,2TGK4,1519582,4,光の道筋 / 回帰する抱擁・ラティカ / 大いなる回帰 / ワンダーコック / 重なり合う決意
エルフ,40X0L,1512636,1,小さな勇士・スクナ / マドロスエルフ / 優美な猫姉妹・シャム＆シャマ / 深緑の弓使い・アリサ / 〔渚の花嫁〕新田美波
エルフ,2MCLC,1507874,1,小さな勇士・スクナ / マドロスエルフ / 優美な猫姉妹・シャム＆シャマ / 深緑の弓使い・アリサ / 〔渚の花嫁〕新田美波
エルフ,3P58A,1507874,1,小さな勇士・スクナ / マドロスエルフ / 優美な猫姉妹・シャム＆シャマ / 深緑の弓使い・アリサ / 〔渚の花嫁〕新田美波
エルフ,6RUGG,1503248,1,小さな勇士・スクナ / マドロスエルフ / 優美な猫姉妹・シャム＆シャマ / 深緑の弓使い・アリサ / 〔渚の花嫁〕新田美波
エルフ,19C0A,1503248,1,小さな勇士・スクナ / マドロスエルフ / 優美な猫姉妹・シャム＆シャマ / 深緑の弓使い・アリサ / 〔渚の花嫁〕新田美波
エルフ,4BGDY,1492719,1,小さな勇士・スクナ / マドロスエルフ / 優美な猫姉妹・シャム＆シャマ / 深緑の弓使い・アリサ / 〔渚の花嫁〕新田美波
エルフ,2MTZA,1513104,1,小さな勇士・スクナ / マドロスエルフ / 優美な猫姉妹・シャム＆シャマ / 深緑の弓使い・アリサ / 〔渚の花嫁〕新田美波
エルフ,7Z0EC,1497462,1,小さな勇士・スクナ / マドロスエルフ / 優美な猫姉妹・シャム＆シャマ / 深緑の弓使い・アリサ / 〔渚の花嫁〕新田美波
エルフ,1AGJS,1497462,2,浄樹の六銘伝・ロロ・ロニエ / 樹正の木鐸・キョウ / 樹権の剪定者 / 魔汚区役所職員・災藤 / 新約都市・透京
エルフ,41XGL,1497462,1,小さな勇士・スクナ / マドロスエルフ / 優美な猫姉妹・シャム＆シャマ / 深緑の弓使い・アリサ / 〔渚の花嫁〕新田美波
エルフ,6QZ5G,1497462,1,小さな勇士・スクナ / マドロスエルフ / 優美な猫姉妹・シャム＆シャマ / 深緑の弓使い・アリサ / 〔渚の花嫁〕新田美波
エルフ,1EXK8,1497462,1,小さな勇士・スクナ / マドロスエルフ / 優美な猫姉妹・シャム＆シャマ / 深緑の弓使い・アリサ / 〔渚の花嫁〕新田美波
エルフ,4RCPQ,1499797,1,小さな勇士・スクナ / マドロスエルフ / 優美な猫姉妹・シャム＆シャマ / 深緑の弓使い・アリサ / 〔渚の花嫁〕新田美波
エルフ,19C0A,1499797,1,小さな勇士・スクナ / マドロスエルフ / 優美な猫姉妹・シャム＆シャマ / 深緑の弓使い・アリサ / 〔渚の花嫁〕新田美波
エルフ,1FXHL,1501046,1,小さな勇士・スクナ / マドロスエルフ / 優美な猫姉妹・シャム＆シャマ / 深緑の弓使い・アリサ / 〔渚の花嫁〕新田美波
エルフ,5FXFQ,1501046,1,小さな勇士・スクナ / マドロスエルフ / 優美な猫姉妹・シャム＆シャマ / 深緑の弓使い・アリサ / 〔渚の花嫁〕新田美波
エルフ,7361L,1510835,4,光の道筋 / 回帰する抱擁・ラティカ / 大いなる回帰 / ワンダーコック / 重なり合う決意
エルフ,319X4,1510835,5,ティートル・ディ＆ダム / 重なり合う決意 / 瘴気の妖精姫・アリア / 純粋なるウォーターフェアリー / 妖精の弓使い
エルフ,64A0J,1516377,1,小さな勇士・スクナ / マドロスエルフ / 優美な猫姉妹・シャム＆シャマ / 深緑の弓使い・アリサ / 〔渚の花嫁〕新田美波
エルフ,5SN82,1517333,1,小さな勇士・スクナ / マドロスエルフ / 優美な猫姉妹・シャム＆シャマ / 深緑の弓使い・アリサ / 〔渚の花嫁〕新田美波
エルフ,64QNE,1517333,1,小さな勇士・スクナ / マドロスエルフ / 優美な猫姉妹・シャム＆シャマ / 深緑の弓使い・アリサ / 〔渚の花嫁〕新田美波
エルフ,4B26G,1482962,2,浄樹の六銘伝・ロロ・ロニエ / 樹正の木鐸・キョウ / 樹権の剪定者 / 魔汚区役所職員・災藤 / 新約都市・透京
エルフ,3GNHU,1496673,1,小さな勇士・スクナ / マドロスエルフ / 優美な猫姉妹・シャム＆シャマ / 深緑の弓使い・アリサ / 〔渚の花嫁〕新田美波
エルフ,5AWCW,1496673,1,小さな勇士・スクナ / マドロスエルフ / 優美な猫姉妹・シャム＆シャマ / 深緑の弓使い・アリサ / 〔渚の花嫁〕新田美波
エルフ,25QWW,1502080,1,小さな勇士・スクナ / マドロスエルフ / 優美な猫姉妹・シャム＆シャマ / 深緑の弓使い・アリサ / 〔渚の花嫁〕新田美波
エルフ,52RYJ,1502119,1,小さな勇士・スクナ / マドロスエルフ / 優美な猫姉妹・シャム＆シャマ / 深緑の弓使い・アリサ / 〔渚の花嫁〕新田美波
エルフ,248XG,1502119,7,エンシェントエルフ / 自然の導き / 収穫祭 / ベルエンジェル / フォーリンショット
ドラゴン,64DLG,1457051,2,竜喰らう禁忌 / 蒼炎のドラゴニュート / オーブキャンサー / 灼熱のアナテマ・バーンドナイト / 荒波のドラグーン・ザハール
ドラゴン,3037W,1474939,1,水呼びの竜使い / 竜槍の戦士・ローウェン / 炎髄の副会長・テンカ / 朱翼の入学祝 / 暴竜・伊達政宗
ドラゴン,247RE,1474939,1,水呼びの竜使い / 竜槍の戦士・ローウェン / 炎髄の副会長・テンカ / 朱翼の入学祝 / 暴竜・伊達政宗
ドラゴン,3LD64,1476239,1,水呼びの竜使い / 竜槍の戦士・ローウェン / 炎髄の副会長・テンカ / 朱翼の入学祝 / 暴竜・伊達政宗
ドラゴン,4E5TC,1477108,2,竜喰らう禁忌 / 蒼炎のドラゴニュート / オーブキャンサー / 灼熱のアナテマ・バーンドナイト / 荒波のドラグーン・ザハール
ドラゴン,2T2EA,1477108,4,ジェネシスドラゴン / ウロボロス / 絆の竜剣士・アイラ / 竜喰らう禁忌 / サンダーロア
ドラゴン,2GVV8,1476081,1,水呼びの竜使い / 竜槍の戦士・ローウェン / 炎髄の副会長・テンカ / 朱翼の入学祝 / 暴竜・伊達政宗
ドラゴン,6XV94,1468202,1,水呼びの竜使い / 竜槍の戦士・ローウェン / 炎髄の副会長・テンカ / 朱翼の入学祝 / 暴竜・伊達政宗
ドラゴン,4BDUE,1468202,2,竜喰らう禁忌 / 蒼炎のドラゴニュート / オーブキャンサー / 灼熱のアナテマ・バーンドナイト / 荒波のドラグーン・ザハール
ドラゴン,4JC58,1468202,2,竜喰らう禁忌 / 蒼炎のドラゴニュート / オーブキャンサー / 灼熱のアナテマ・バーンドナイト / 荒波のドラグーン・ザハール
ドラゴン,5GK9L,1468202,1,水呼びの竜使い / 竜槍の戦士・ローウェン / 炎髄の副会長・テンカ / 朱翼の入学祝 / 暴竜・伊達政宗
ドラゴン,2BF0W,1468202,2,竜喰らう禁忌 / 蒼炎のドラゴニュート / オーブキャンサー / 灼熱のアナテマ・バーンドナイト / 荒波のドラグーン・ザハール
ドラゴン,587Q6,1448790,1,水呼びの竜使い / 竜槍の戦士・ローウェン / 炎髄の副会長・テンカ / 朱翼の入学祝 / 暴竜・伊達政宗
ドラゴン,15BT0,1448790,1,水呼びの竜使い / 竜槍の戦士・ローウェン / 炎髄の副会長・テンカ / 朱翼の入学祝 / 暴竜・伊達政宗
ドラゴン,5RLVY,1472529,2,竜喰らう禁忌 / 蒼炎のドラゴニュート / オーブキャンサー / 灼熱のアナテマ・バーンドナイト / 荒波のドラグーン・ザハール
ドラゴン,5VD3L,1472616,2,竜喰らう禁忌 / 蒼炎のドラゴニュート / オーブキャンサー / 灼熱のアナテマ・バーンドナイト / 荒波のドラグーン・ザハール
ドラゴン,217Q6,1472616,2,竜喰らう禁忌 / 蒼炎のドラゴニュート / オーブキャンサー / 灼熱のアナテマ・バーンドナイト / 荒波のドラグーン・ザハール
ドラゴン,7W4CC,1446372,1,水呼びの竜使い / 竜槍の戦士・ローウェン / 炎髄の副会長・テンカ / 朱翼の入学祝 / 暴竜・伊達政宗
ドラゴン,3YGSW,1457931,2,竜喰らう禁忌 / 蒼炎のドラゴニュート / オーブキャンサー / 灼熱のアナテマ・バーンドナイト / 荒波のドラグーン・ザハール
ドラゴン,4N1YL,1457931,1,水呼びの竜使い / 竜槍の戦士・ローウェン / 炎髄の副会長・テンカ / 朱翼の入学祝 / 暴竜・伊達政宗
ドラゴン,6YZTL,1457931,5,セラフィックレオ・ガルエル / 竜喰らう禁忌 / オーブキャンサー / 帥忍部長・煤木万裁 / パッションチャンピオーナ！
ドラゴン,217Q6,1477797,2,竜喰らう禁忌 / 蒼炎のドラゴニュート / オーブキャンサー / 灼熱のアナテマ・バーンドナイト / 荒波のドラグーン・ザハール
ドラゴン,217Q6,1478685,2,竜喰らう禁忌 / 蒼炎のドラゴニュート / オーブキャンサー / 灼熱のアナテマ・バーンドナイト / 荒波のドラグーン・ザハール
ドラゴン,1T33S,1478741,6,侮蔑の炎爪 / 侮蔑の従者 / 覇極 / 侮蔑の狂信者 / 烈絶の侮蔑・ガルミーユ
ドラゴン,7WELL,1478741,2,竜喰らう禁忌 / 蒼炎のドラゴニュート / オーブキャンサー / 灼熱のアナテマ・バーンドナイト / 荒波のドラグーン・ザハール
ドラゴン,3K3YG,1472888,3,灼熱の嵐 / ブレイジングブレス / ドラゴニュートの威圧 / 竜の託宣 / リントヴルム
ドラゴン,3VLB2,1479641,2,竜喰らう禁忌 / 蒼炎のドラゴニュート / オーブキャンサー / 灼熱のアナテマ・バーンドナイト / 荒波のドラグーン・ザハール
ドラゴン,7N1SG,1478272,1,水呼びの竜使い / 竜槍の戦士・ローウェン / 炎髄の副会長・テンカ / 朱翼の入学祝 / 暴竜・伊達政宗
ドラゴン,66QMS,1467573,1,水呼びの竜使い / 竜槍の戦士・ローウェン / 炎髄の副会長・テンカ / 朱翼の入学祝 / 暴竜・伊達政宗
ドラゴン,2UYJJ,1469473,2,竜喰らう禁忌 / 蒼炎のドラゴニュート / オーブキャンサー / 灼熱のアナテマ・バーンドナイト / 荒波のドラグーン・ザハール
ドラゴン,13RV8,1476769,1,水呼びの竜使い / 竜槍の戦士・ローウェン / 炎髄の副会長・テンカ / 朱翼の入学祝 / 暴竜・伊達政宗
ドラゴン,4ZB4G,1476113,2,竜喰らう禁忌 / 蒼炎のドラゴニュート / オーブキャンサー / 灼熱のアナテマ・バーンドナイト / 荒波のドラグーン・ザハール
ドラゴン,4BNJU,1476113,1,水呼びの竜使い / 竜槍の戦士・ローウェン / 炎髄の副会長・テンカ / 朱翼の入学祝 / 暴竜・伊達政宗
ドラゴン,66QMS,1459125,1,水呼びの竜使い / 竜槍の戦士・ローウェン / 炎髄の副会長・テンカ / 朱翼の入学祝 / 暴竜・伊達政宗
ドラゴン,6VVWN,1459125,1,水呼びの竜使い / 竜槍の戦士・ローウェン / 炎髄の副会長・テンカ / 朱翼の入学祝 / 暴竜・伊達政宗
ドラゴン,2HK5U,1466761,3,灼熱の嵐 / ブレイジングブレス / ドラゴニュートの威圧 / 竜の託宣 / リントヴルム
ドラゴン,4X402,1505204,1,水呼びの竜使い / 竜槍の戦士・ローウェン / 炎髄の副会長・テンカ / 朱翼の入学祝 / 暴竜・伊達政宗
ドラゴン,2HV3G,1519582,1,水呼びの竜使い / 竜槍の戦士・ローウェン / 炎髄の副会長・テンカ / 朱翼の入学祝 / 暴竜・伊達政宗
ドラゴン,7FF6Y,1519582,1,水呼びの竜使い / 竜槍の戦士・ローウェン / 炎髄の副会長・テンカ / 朱翼の入学祝 / 暴竜・伊達政宗
ドラゴン,2Q5DL,1512636,2,竜喰らう禁忌 / 蒼炎のドラゴニュート / オーブキャンサー / 灼熱のアナテマ・バーンドナイト / 荒波のドラグーン・ザハール
ドラゴン,5DU58,1512636,2,竜喰らう禁忌 / 蒼炎のドラゴニュート / オーブキャンサー / 灼熱のアナテマ・バーンドナイト / 荒波のドラグーン・ザハール
ドラゴン,2A2ZS,1512636,1,水呼びの竜使い / 竜槍の戦士・ローウェン / 炎髄の副会長・テンカ / 朱翼の入学祝 / 暴竜・伊達政宗
ドラゴン,6AK1C,1503248,2,竜喰らう禁忌 / 蒼炎のドラゴニュート / オーブキャンサー / 灼熱のアナテマ・バーンドナイト / 荒波のドラグーン・ザハール
ドラゴン,5B1XQ,1499797,2,竜喰らう禁忌 / 蒼炎のドラゴニュート / オーブキャンサー / 灼熱のアナテマ・バーンドナイト / 荒波のドラグーン・ザハール
ドラゴン,11YE2,1499797,3,灼熱の嵐 / ブレイジングブレス / ドラゴニュートの威圧 / 竜の託宣 / リントヴルム
ドラゴン,3N9YQ,1501035,1,水呼びの竜使い / 竜槍の戦士・ローウェン / 炎髄の副会長・テンカ / 朱翼の入学祝 / 暴竜・伊達政宗
ドラゴン,3N9YQ,1501046,1,水呼びの竜使い / 竜槍の戦士・ローウェン / 炎髄の副会長・テンカ / 朱翼の入学祝 / 暴竜・伊達政宗
ドラゴン,11062,1501046,1,水呼びの竜使い / 竜槍の戦士・ローウェン / 炎髄の副会長・テンカ / 朱翼の入学祝 / 暴竜・伊達政宗
ドラゴン,2SV4J,1516377,1,水呼びの竜使い / 竜槍の戦士・ローウェン / 炎髄の副会長・テンカ / 朱翼の入学祝 / 暴竜・伊達政宗
ドラゴン,4JC58,1516377,2,竜喰らう禁忌 / 蒼炎のドラゴニュート / オーブキャンサー / 灼熱のアナテマ・バーンドナイト / 荒波のドラグーン・ザハール
ドラゴン,2FR5G,1482962,1,水呼びの竜使い / 竜槍の戦士・ローウェン / 炎髄の副会長・テンカ / 朱翼の入学祝 / 暴竜・伊達政宗
ドラゴン,2CL54,1482962,1,水呼びの竜使い / 竜槍の戦士・ローウェン / 炎髄の副会長・テンカ / 朱翼の入学祝 / 暴竜・伊達政宗
ドラゴン,29F4S,1518375,1,水呼びの竜使い / 竜槍の戦士・ローウェン / 炎髄の副会長・テンカ / 朱翼の入学祝 / 暴竜・伊達政宗
ナイトメア,22YGY,1457051,1,ストレイホロウ・イルガンノ / 異形 / 奔放なる獄炎・ケルベロス / 友魂の少女・ルナ / デッドペナルティ
ナイトメア,16V5W,1472530,1,ストレイホロウ・イルガンノ / 異形 / 奔放なる獄炎・ケルベロス / 友魂の少女・ルナ / デッドペナルティ
ナイトメア,1XD4U,1472530,1,ストレイホロウ・イルガンノ / 異形 / 奔放なる獄炎・ケルベロス / 友魂の少女・ルナ / デッドペナルティ
ナイトメア,29FK6,1472530,1,ストレイホロウ・イルガンノ / 異形 / 奔放なる獄炎・ケルベロス / 友魂の少女・ルナ / デッドペナルティ
ナイトメア,7RDGW,1472530,1,ストレイホロウ・イルガンノ / 異形 / 奔放なる獄炎・ケルベロス / 友魂の少女・ルナ / デッドペナルティ
ナイトメア,2FGYE,1476239,1,ストレイホロウ・イルガンノ / 異形 / 奔放なる獄炎・ケルベロス / 友魂の少女・ルナ / デッドペナルティ
ナイトメア,36W3N,1477108,2,座敷童 / 真紅の抗戦者・モノ / ファースト・ワン / 禁絶の腕・ニコラ / メカニカルガンナー
ナイトメア,6A4BN,1477108,1,ストレイホロウ・イルガンノ / 異形 / 奔放なる獄炎・ケルベロス / 友魂の少女・ルナ / デッドペナルティ
ナイトメア,6CUS4,1477108,2,座敷童 / 真紅の抗戦者・モノ / ファースト・ワン / 禁絶の腕・ニコラ / メカニカルガンナー
ナイトメア,4Q1SC,1447476,1,ストレイホロウ・イルガンノ / 異形 / 奔放なる獄炎・ケルベロス / 友魂の少女・ルナ / デッドペナルティ
ナイトメア,7W1JW,1447476,1,ストレイホロウ・イルガンノ / 異形 / 奔放なる獄炎・ケルベロス / 友魂の少女・ルナ / デッドペナルティ
ナイトメア,749GY,1447476,1,ストレイホロウ・イルガンノ / 異形 / 奔放なる獄炎・ケルベロス / 友魂の少女・ルナ / デッドペナルティ
ナイトメア,1JMKE,1476736,1,ストレイホロウ・イルガンノ / 異形 / 奔放なる獄炎・ケルベロス / 友魂の少女・ルナ / デッドペナルティ
ナイトメア,2MENS,1476736,1,ストレイホロウ・イルガンノ / 異形 / 奔放なる獄炎・ケルベロス / 友魂の少女・ルナ / デッドペナルティ
ナイトメア,67Y46,1476736,1,ストレイホロウ・イルガンノ / 異形 / 奔放なる獄炎・ケルベロス / 友魂の少女・ルナ / デッドペナルティ
ナイトメア,4XUXY,1475502,1,ストレイホロウ・イルガンノ / 異形 / 奔放なる獄炎・ケルベロス / 友魂の少女・ルナ / デッドペナルティ
ナイトメア,5ZCLY,1475502,5,禁絶の腕・ニコラ / 死期を視るもの・グレモリー / 憧れの飛躍・イツルギ / ブラッドロード・ユヅキ / 葬りの狼・ヴェッド
ナイトメア,24DMG,1478623,1,ストレイホロウ・イルガンノ / 異形 / 奔放なる獄炎・ケルベロス / 友魂の少女・ルナ / デッドペナルティ
ナイトメア,4FGJU,1476081,4,吸血姫・ヴァンピィ / 闇夜の姫・ヴァンピィ / 眷属への贈り物 / 宵の吸血鬼・ヴァーニア / 怪奇の探索者・ユナ
ナイトメア,3Y6AQ,1448790,1,ストレイホロウ・イルガンノ / 異形 / 奔放なる獄炎・ケルベロス / 友魂の少女・ルナ / デッドペナルティ
ナイトメア,7LCR8,1472529,3,奔放なる獄炎・ケルベロス / ストレイホロウ・イルガンノ / 友魂の少女・ルナ / 人外魔境・クリストフ / デッドペナルティ
ナイトメア,YYU4,1472529,1,ストレイホロウ・イルガンノ / 異形 / 奔放なる獄炎・ケルベロス / 友魂の少女・ルナ / デッドペナルティ
ナイトメア,7RDGW,1471925,1,ストレイホロウ・イルガンノ / 異形 / 奔放なる獄炎・ケルベロス / 友魂の少女・ルナ / デッドペナルティ
ナイトメア,344WA,1471925,2,座敷童 / 真紅の抗戦者・モノ / ファースト・ワン / 禁絶の腕・ニコラ / メカニカルガンナー
ナイトメア,5HZJ2,1452654,1,ストレイホロウ・イルガンノ / 異形 / 奔放なる獄炎・ケルベロス / 友魂の少女・ルナ / デッドペナルティ
ナイトメア,65456,1452654,1,ストレイホロウ・イルガンノ / 異形 / 奔放なる獄炎・ケルベロス / 友魂の少女・ルナ / デッドペナルティ
ナイトメア,3LWTN,1446372,1,ストレイホロウ・イルガンノ / 異形 / 奔放なる獄炎・ケルベロス / 友魂の少女・ルナ / デッドペナルティ
ナイトメア,3C4Y4,1446372,1,ストレイホロウ・イルガンノ / 異形 / 奔放なる獄炎・ケルベロス / 友魂の少女・ルナ / デッドペナルティ
ナイトメア,3673E,1446372,1,ストレイホロウ・イルガンノ / 異形 / 奔放なる獄炎・ケルベロス / 友魂の少女・ルナ / デッドペナルティ
ナイトメア,6E918,1457931,1,ストレイホロウ・イルガンノ / 異形 / 奔放なる獄炎・ケルベロス / 友魂の少女・ルナ / デッドペナルティ
ナイトメア,3439U,1477797,2,座敷童 / 真紅の抗戦者・モノ / ファースト・ワン / 禁絶の腕・ニコラ / メカニカルガンナー
ナイトメア,1FA7Q,1477797,1,ストレイホロウ・イルガンノ / 異形 / 奔放なる獄炎・ケルベロス / 友魂の少女・ルナ / デッドペナルティ
ナイトメア,6D9YA,1459563,1,ストレイホロウ・イルガンノ / 異形 / 奔放なる獄炎・ケルベロス / 友魂の少女・ルナ / デッドペナルティ
ナイトメア,3MDFY,1478685,1,ストレイホロウ・イルガンノ / 異形 / 奔放なる獄炎・ケルベロス / 友魂の少女・ルナ / デッドペナルティ
ナイトメア,3B346,1478685,1,ストレイホロウ・イルガンノ / 異形 / 奔放なる獄炎・ケルベロス / 友魂の少女・ルナ / デッドペナルティ
ナイトメア,4SSH6,1464806,1,ストレイホロウ・イルガンノ / 異形 / 奔放なる獄炎・ケルベロス / 友魂の少女・ルナ / デッドペナルティ
ナイトメア,7N6RW,1464806,2,座敷童 / 真紅の抗戦者・モノ / ファースト・ワン / 禁絶の腕・ニコラ / メカニカルガンナー
ナイトメア,754R0,1459790,1,ストレイホロウ・イルガンノ / 異形 / 奔放なる獄炎・ケルベロス / 友魂の少女・ルナ / デッドペナルティ
ナイトメア,XNJ8,1478741,3,奔放なる獄炎・ケルベロス / ストレイホロウ・イルガンノ / 友魂の少女・ルナ / 人外魔境・クリストフ / デッドペナルティ
ナイトメア,59KZ6,1472888,2,座敷童 / 真紅の抗戦者・モノ / ファースト・ワン / 禁絶の腕・ニコラ / メカニカルガンナー
ナイトメア,5S73N,1479641,1,ストレイホロウ・イルガンノ / 異形 / 奔放なる獄炎・ケルベロス / 友魂の少女・ルナ / デッドペナルティ
ナイトメア,3CU06,1469473,2,座敷童 / 真紅の抗戦者・モノ / ファースト・ワン / 禁絶の腕・ニコラ / メカニカルガンナー
ナイトメア,2RH4C,1467998,5,禁絶の腕・ニコラ / 死期を視るもの・グレモリー / 憧れの飛躍・イツルギ / ブラッドロード・ユヅキ / 葬りの狼・ヴェッド
ナイトメア,79210,1467998,5,禁絶の腕・ニコラ / 死期を視るもの・グレモリー / 憧れの飛躍・イツルギ / ブラッドロード・ユヅキ / 葬りの狼・ヴェッド
ナイトメア,35X5G,1476769,6,ハンプティダンプティ / 憧れの飛躍・イツルギ / デモンズグリード・パラセリゼ / 因果の迷い子・アンサージュ / 底無しの契約
ナイトメア,WUEY,1476113,1,ストレイホロウ・イルガンノ / 異形 / 奔放なる獄炎・ケルベロス / 友魂の少女・ルナ / デッドペナルティ
ナイトメア,776WA,1476113,4,吸血姫・ヴァンピィ / 闇夜の姫・ヴァンピィ / 眷属への贈り物 / 宵の吸血鬼・ヴァーニア / 怪奇の探索者・ユナ
ナイトメア,59KZ6,1472403,2,座敷童 / 真紅の抗戦者・モノ / ファースト・ワン / 禁絶の腕・ニコラ / メカニカルガンナー
ナイトメア,2ERTQ,1459750,1,ストレイホロウ・イルガンノ / 異形 / 奔放なる獄炎・ケルベロス / 友魂の少女・ルナ / デッドペナルティ
ナイトメア,5PX5S,1459750,1,ストレイホロウ・イルガンノ / 異形 / 奔放なる獄炎・ケルベロス / 友魂の少女・ルナ / デッドペナルティ
ナイトメア,4X9KS,1459750,1,ストレイホロウ・イルガンノ / 異形 / 奔放なる獄炎・ケルベロス / 友魂の少女・ルナ / デッドペナルティ
ナイトメア,2XEQ8,1472351,1,ストレイホロウ・イルガンノ / 異形 / 奔放なる獄炎・ケルベロス / 友魂の少女・ルナ / デッドペナルティ
ナイトメア,75CJ6,1472351,1,ストレイホロウ・イルガンノ / 異形 / 奔放なる獄炎・ケルベロス / 友魂の少女・ルナ / デッドペナルティ
ナイトメア,6PXRA,1472351,2,座敷童 / 真紅の抗戦者・モノ / ファースト・ワン / 禁絶の腕・ニコラ / メカニカルガンナー
ナイトメア,2YBBG,1466761,1,ストレイホロウ・イルガンノ / 異形 / 奔放なる獄炎・ケルベロス / 友魂の少女・ルナ / デッドペナルティ
ナイトメア,3SA8N,1466761,8,沈黙の絶傑・ルルナイ / 轟 / カオスルーラー・アイシィレンドリング / デッドペナルティ / テラーバンケット・ギンセツ
ナイトメア,4Q8AU,1468850,1,ストレイホロウ・イルガンノ / 異形 / 奔放なる獄炎・ケルベロス / 友魂の少女・ルナ / デッドペナルティ
ナイトメア,2DZKL,1519582,2,座敷童 / 真紅の抗戦者・モノ / ファースト・ワン / 禁絶の腕・ニコラ / メカニカルガンナー
ナイトメア,1U22J,1507874,1,ストレイホロウ・イルガンノ / 異形 / 奔放なる獄炎・ケルベロス / 友魂の少女・ルナ / デッドペナルティ
ナイトメア,4BC88,1507874,1,ストレイホロウ・イルガンノ / 異形 / 奔放なる獄炎・ケルベロス / 友魂の少女・ルナ / デッドペナルティ
ナイトメア,2FG0C,1492719,3,奔放なる獄炎・ケルベロス / ストレイホロウ・イルガンノ / 友魂の少女・ルナ / 人外魔境・クリストフ / デッドペナルティ
ナイトメア,5SLUL,1492719,2,座敷童 / 真紅の抗戦者・モノ / ファースト・ワン / 禁絶の腕・ニコラ / メカニカルガンナー
ナイトメア,540Y6,1492719,1,ストレイホロウ・イルガンノ / 異形 / 奔放なる獄炎・ケルベロス / 友魂の少女・ルナ / デッドペナルティ
ナイトメア,69XGA,1499885,1,ストレイホロウ・イルガンノ / 異形 / 奔放なる獄炎・ケルベロス / 友魂の少女・ルナ / デッドペナルティ
ナイトメア,25Y6E,1499885,6,ハンプティダンプティ / 憧れの飛躍・イツルギ / デモンズグリード・パラセリゼ / 因果の迷い子・アンサージュ / 底無しの契約
ナイトメア,4966C,1495140,2,座敷童 / 真紅の抗戦者・モノ / ファースト・ワン / 禁絶の腕・ニコラ / メカニカルガンナー
ナイトメア,3TDF6,1495140,2,座敷童 / 真紅の抗戦者・モノ / ファースト・ワン / 禁絶の腕・ニコラ / メカニカルガンナー
ナイトメア,69XGA,1513104,1,ストレイホロウ・イルガンノ / 異形 / 奔放なる獄炎・ケルベロス / 友魂の少女・ルナ / デッドペナルティ
ナイトメア,2YBRW,1513104,1,ストレイホロウ・イルガンノ / 異形 / 奔放なる獄炎・ケルベロス / 友魂の少女・ルナ / デッドペナルティ
ナイトメア,5YNTL,1513104,3,奔放なる獄炎・ケルベロス / ストレイホロウ・イルガンノ / 友魂の少女・ルナ / 人外魔境・クリストフ / デッドペナルティ
ナイトメア,4C6KC,1499797,3,奔放なる獄炎・ケルベロス / ストレイホロウ・イルガンノ / 友魂の少女・ルナ / 人外魔境・クリストフ / デッドペナルティ
ナイトメア,565GJ,1501035,1,ストレイホロウ・イルガンノ / 異形 / 奔放なる獄炎・ケルベロス / 友魂の少女・ルナ / デッドペナルティ
ナイトメア,2T262,1501035,1,ストレイホロウ・イルガンノ / 異形 / 奔放なる獄炎・ケルベロス / 友魂の少女・ルナ / デッドペナルティ
ナイトメア,6HQMA,1501035,2,座敷童 / 真紅の抗戦者・モノ / ファースト・ワン / 禁絶の腕・ニコラ / メカニカルガンナー
ナイトメア,26DZ6,1501035,1,ストレイホロウ・イルガンノ / 異形 / 奔放なる獄炎・ケルベロス / 友魂の少女・ルナ / デッドペナルティ
ナイトメア,67UXQ,1510835,1,ストレイホロウ・イルガンノ / 異形 / 奔放なる獄炎・ケルベロス / 友魂の少女・ルナ / デッドペナルティ
ナイトメア,Y2R2,1517333,7,欲望の絶傑・ヴァーナレク / 欲望の信者 / 欲望の翼 / 欲望の狂信者 / 骸の代弁者
ナイトメア,3QMKG,1482962,4,吸血姫・ヴァンピィ / 闇夜の姫・ヴァンピィ / 眷属への贈り物 / 宵の吸血鬼・ヴァーニア / 怪奇の探索者・ユナ
ナイトメア,3TDF6,1482962,2,座敷童 / 真紅の抗戦者・モノ / ファースト・ワン / 禁絶の腕・ニコラ / メカニカルガンナー
ナイトメア,3ABE0,1482962,2,座敷童 / 真紅の抗戦者・モノ / ファースト・ワン / 禁絶の腕・ニコラ / メカニカルガンナー
ナイトメア,3TAZ6,1482962,2,座敷童 / 真紅の抗戦者・モノ / ファースト・ワン / 禁絶の腕・ニコラ / メカニカルガンナー
ナイトメア,4BXSW,1496673,9,幽霊支配人・アーカス / シンシア・ソウル / スピリットキュレーター / 巨大なる怨念 / ストレイホロウ・イルガンノ
ナイトメア,2CL1W,1496673,1,ストレイホロウ・イルガンノ / 異形 / 奔放なる獄炎・ケルベロス / 友魂の少女・ルナ / デッドペナルティ
ナイトメア,492D0,1502080,3,奔放なる獄炎・ケルベロス / ストレイホロウ・イルガンノ / 友魂の少女・ルナ / 人外魔境・クリストフ / デッドペナルティ
ナイトメア,2CL1W,1502080,1,ストレイホロウ・イルガンノ / 異形 / 奔放なる獄炎・ケルベロス / 友魂の少女・ルナ / デッドペナルティ
ナイトメア,65HQJ,1502119,1,ストレイホロウ・イルガンノ / 異形 / 奔放なる獄炎・ケルベロス / 友魂の少女・ルナ / デッドペナルティ
ナイトメア,34W1C,1502119,2,座敷童 / 真紅の抗戦者・モノ / ファースト・ワン / 禁絶の腕・ニコラ / メカニカルガンナー
ナイトメア,410YA,1502119,1,ストレイホロウ・イルガンノ / 異形 / 奔放なる獄炎・ケルベロス / 友魂の少女・ルナ / デッドペナルティ
ナイトメア,3DHHG,1518375,1,ストレイホロウ・イルガンノ / 異形 / 奔放なる獄炎・ケルベロス / 友魂の少女・ルナ / デッドペナルティ
ナイトメア,4711Q,1518375,2,座敷童 / 真紅の抗戦者・モノ / ファースト・ワン / 禁絶の腕・ニコラ / メカニカルガンナー
ビショップ,61PZ2,1457051,1,機構の解放 / マシンファルコン / セイント・コア / メカニカルガンナー / 極炎のドラグーン・ローラ
ビショップ,6M9SS,1474939,1,機構の解放 / マシンファルコン / セイント・コア / メカニカルガンナー / 極炎のドラグーン・ローラ
ビショップ,4381A,1476239,1,機構の解放 / マシンファルコン / セイント・コア / メカニカルガンナー / 極炎のドラグーン・ローラ
ビショップ,7Z6RE,1476239,2,ダークオファリング / 絶望の安息・マーウィン / 悠久の絶望 / テミスの審判 / 射殺す輝き
ビショップ,1NGGC,1476736,1,機構の解放 / マシンファルコン / セイント・コア / メカニカルガンナー / 極炎のドラグーン・ローラ
ビショップ,6H7BJ,1475502,2,ダークオファリング / 絶望の安息・マーウィン / 悠久の絶望 / テミスの審判 / 射殺す輝き
ビショップ,6EY7N,1478623,2,ダークオファリング / 絶望の安息・マーウィン / 悠久の絶望 / テミスの審判 / 射殺す輝き
ビショップ,64YQ4,1476081,3,希望導く聖乙女・ジャンヌ / 絶望の聖女・ジャンヌ / ルナールの聖騎士 / 三日月の女神 ツクヨミ / 〔月下の悪魔ちゃん♪〕メジロパーマー
ビショップ,1NGGC,1472616,1,機構の解放 / マシンファルコン / セイント・コア / メカニカルガンナー / 極炎のドラグーン・ローラ
ビショップ,74B4N,1457931,1,機構の解放 / マシンファルコン / セイント・コア / メカニカルガンナー / 極炎のドラグーン・ローラ
ビショップ,6NE8C,1478741,1,機構の解放 / マシンファルコン / セイント・コア / メカニカルガンナー / 極炎のドラグーン・ローラ
ビショップ,3M8KS,1467573,1,機構の解放 / マシンファルコン / セイント・コア / メカニカルガンナー / 極炎のドラグーン・ローラ
ビショップ,33GX4,1467998,2,ダークオファリング / 絶望の安息・マーウィン / 悠久の絶望 / テミスの審判 / 射殺す輝き
ビショップ,64YQ4,1476113,3,希望導く聖乙女・ジャンヌ / 絶望の聖女・ジャンヌ / ルナールの聖騎士 / 三日月の女神 ツクヨミ / 〔月下の悪魔ちゃん♪〕メジロパーマー
ビショップ,5R0YA,1466761,3,希望導く聖乙女・ジャンヌ / 絶望の聖女・ジャンヌ / ルナールの聖騎士 / 三日月の女神 ツクヨミ / 〔月下の悪魔ちゃん♪〕メジロパーマー
ビショップ,5S70Q,1466761,2,ダークオファリング / 絶望の安息・マーウィン / 悠久の絶望 / テミスの審判 / 射殺す輝き
ビショップ,1PTN8,1468850,2,ダークオファリング / 絶望の安息・マーウィン / 悠久の絶望 / テミスの審判 / 射殺す輝き
ビショップ,3CQ6J,1505204,1,機構の解放 / マシンファルコン / セイント・コア / メカニカルガンナー / 極炎のドラグーン・ローラ
ビショップ,3TKBU,1512636,1,機構の解放 / マシンファルコン / セイント・コア / メカニカルガンナー / 極炎のドラグーン・ローラ
ビショップ,VJK6,1507874,1,機構の解放 / マシンファルコン / セイント・コア / メカニカルガンナー / 極炎のドラグーン・ローラ
ビショップ,3S2MC,1507874,2,ダークオファリング / 絶望の安息・マーウィン / 悠久の絶望 / テミスの審判 / 射殺す輝き
ビショップ,6WQ62,1503248,2,ダークオファリング / 絶望の安息・マーウィン / 悠久の絶望 / テミスの審判 / 射殺す輝き
ビショップ,1PTN8,1499885,2,ダークオファリング / 絶望の安息・マーウィン / 悠久の絶望 / テミスの審判 / 射殺す輝き
ビショップ,1FGZ6,1495140,3,希望導く聖乙女・ジャンヌ / 絶望の聖女・ジャンヌ / ルナールの聖騎士 / 三日月の女神 ツクヨミ / 〔月下の悪魔ちゃん♪〕メジロパーマー
ビショップ,3F5JJ,1513104,2,ダークオファリング / 絶望の安息・マーウィン / 悠久の絶望 / テミスの審判 / 射殺す輝き
ビショップ,5S1GE,1497462,2,ダークオファリング / 絶望の安息・マーウィン / 悠久の絶望 / テミスの審判 / 射殺す輝き
ビショップ,33CGW,1501035,3,希望導く聖乙女・ジャンヌ / 絶望の聖女・ジャンヌ / ルナールの聖騎士 / 三日月の女神 ツクヨミ / 〔月下の悪魔ちゃん♪〕メジロパーマー
ビショップ,4LUJ0,1501046,1,機構の解放 / マシンファルコン / セイント・コア / メカニカルガンナー / 極炎のドラグーン・ローラ
ビショップ,1PTN8,1501046,2,ダークオファリング / 絶望の安息・マーウィン / 悠久の絶望 / テミスの審判 / 射殺す輝き
ビショップ,33CGW,1501046,3,希望導く聖乙女・ジャンヌ / 絶望の聖女・ジャンヌ / ルナールの聖騎士 / 三日月の女神 ツクヨミ / 〔月下の悪魔ちゃん♪〕メジロパーマー
ビショップ,232TY,1516377,1,機構の解放 / マシンファルコン / セイント・コア / メカニカルガンナー / 極炎のドラグーン・ローラ
ビショップ,5AW9Y,1516377,2,ダークオファリング / 絶望の安息・マーウィン / 悠久の絶望 / テミスの審判 / 射殺す輝き
ビショップ,5JT02,1517333,2,ダークオファリング / 絶望の安息・マーウィン / 悠久の絶望 / テミスの審判 / 射殺す輝き
ビショップ,5XNHG,1496673,3,希望導く聖乙女・ジャンヌ / 絶望の聖女・ジャンヌ / ルナールの聖騎士 / 三日月の女神 ツクヨミ / 〔月下の悪魔ちゃん♪〕メジロパーマー
ビショップ,VYCN,1502080,3,希望導く聖乙女・ジャンヌ / 絶望の聖女・ジャンヌ / ルナールの聖騎士 / 三日月の女神 ツクヨミ / 〔月下の悪魔ちゃん♪〕メジロパーマー
ビショップ,39HN0,1502119,1,機構の解放 / マシンファルコン / セイント・コア / メカニカルガンナー / 極炎のドラグーン・ローラ
プリンセスコネクト！Re:Dive,6PWGL,1457051,1,ユニ / チエル / クロエ / いつか、また会う未来で / エリス
プリンセスコネクト！Re:Dive,67LYC,1457051,5,イリヤ / ヨリ / アカリ / ミヤコ / ヴァイオレット
プリンセスコネクト！Re:Dive,1CBMN,1474939,1,ユニ / チエル / クロエ / いつか、また会う未来で / エリス
プリンセスコネクト！Re:Dive,22JQG,1474939,2,ユニ / チエル / クロエ / ちぇるちぇる☆かあにばる / いつか、また会う未来で
プリンセスコネクト！Re:Dive,3AAL0,1474939,2,ユニ / チエル / クロエ / ちぇるちぇる☆かあにばる / いつか、また会う未来で
プリンセスコネクト！Re:Dive,1Q35S,1472530,1,ユニ / チエル / クロエ / いつか、また会う未来で / エリス
プリンセスコネクト！Re:Dive,5L15E,1472530,2,ユニ / チエル / クロエ / ちぇるちぇる☆かあにばる / いつか、また会う未来で
プリンセスコネクト！Re:Dive,35X28,1477108,2,ユニ / チエル / クロエ / ちぇるちぇる☆かあにばる / いつか、また会う未来で
プリンセスコネクト！Re:Dive,5PPW8,1447476,1,ユニ / チエル / クロエ / いつか、また会う未来で / エリス
プリンセスコネクト！Re:Dive,25J1L,1447476,1,ユニ / チエル / クロエ / いつか、また会う未来で / エリス
プリンセスコネクト！Re:Dive,6PU24,1447476,3,ホマレ / ムイミ / クローチェ / シェフィ / いつか、また会う未来で
プリンセスコネクト！Re:Dive,4PD8Y,1476736,2,ユニ / チエル / クロエ / ちぇるちぇる☆かあにばる / いつか、また会う未来で
プリンセスコネクト！Re:Dive,4016S,1476736,3,ホマレ / ムイミ / クローチェ / シェフィ / いつか、また会う未来で
プリンセスコネクト！Re:Dive,38QJQ,1475502,2,ユニ / チエル / クロエ / ちぇるちぇる☆かあにばる / いつか、また会う未来で
プリンセスコネクト！Re:Dive,3WWB6,1475502,1,ユニ / チエル / クロエ / いつか、また会う未来で / エリス
プリンセスコネクト！Re:Dive,1Q35S,1478623,1,ユニ / チエル / クロエ / いつか、また会う未来で / エリス
プリンセスコネクト！Re:Dive,20XY4,1478623,3,ホマレ / ムイミ / クローチェ / シェフィ / いつか、また会う未来で
プリンセスコネクト！Re:Dive,1LSQC,1478623,3,ホマレ / ムイミ / クローチェ / シェフィ / いつか、また会う未来で
プリンセスコネクト！Re:Dive,34BVG,1476081,1,ユニ / チエル / クロエ / いつか、また会う未来で / エリス
プリンセスコネクト！Re:Dive,6AB7W,1476081,3,ホマレ / ムイミ / クローチェ / シェフィ / いつか、また会う未来で
プリンセスコネクト！Re:Dive,24KPQ,1468202,2,ユニ / チエル / クロエ / ちぇるちぇる☆かあにばる / いつか、また会う未来で
プリンセスコネクト！Re:Dive,5BKVW,1468202,2,ユニ / チエル / クロエ / ちぇるちぇる☆かあにばる / いつか、また会う未来で
プリンセスコネクト！Re:Dive,33754,1468202,2,ユニ / チエル / クロエ / ちぇるちぇる☆かあにばる / いつか、また会う未来で
プリンセスコネクト！Re:Dive,7ZF3S,1448790,2,ユニ / チエル / クロエ / ちぇるちぇる☆かあにばる / いつか、また会う未来で
プリンセスコネクト！Re:Dive,59032,1448790,2,ユニ / チエル / クロエ / ちぇるちぇる☆かあにばる / いつか、また会う未来で
プリンセスコネクト！Re:Dive,2C7F6,1448790,2,ユニ / チエル / クロエ / ちぇるちぇる☆かあにばる / いつか、また会う未来で
プリンセスコネクト！Re:Dive,4BAY0,1472529,1,ユニ / チエル / クロエ / いつか、また会う未来で / エリス
プリンセスコネクト！Re:Dive,ZKMQ,1472529,1,ユニ / チエル / クロエ / いつか、また会う未来で / エリス
プリンセスコネクト！Re:Dive,6MXDW,1472529,1,ユニ / チエル / クロエ / いつか、また会う未来で / エリス
プリンセスコネクト！Re:Dive,2T3BJ,1471925,1,ユニ / チエル / クロエ / いつか、また会う未来で / エリス
プリンセスコネクト！Re:Dive,50VLC,1471925,1,ユニ / チエル / クロエ / いつか、また会う未来で / エリス
プリンセスコネクト！Re:Dive,425ES,1471925,6,ペコリーヌ / サレン / ノゾミ / チカ / キャプチャーストリング
プリンセスコネクト！Re:Dive,44TVS,1472616,2,ユニ / チエル / クロエ / ちぇるちぇる☆かあにばる / いつか、また会う未来で
プリンセスコネクト！Re:Dive,1P6Z8,1472616,1,ユニ / チエル / クロエ / いつか、また会う未来で / エリス
プリンセスコネクト！Re:Dive,4QSV0,1472616,1,ユニ / チエル / クロエ / いつか、また会う未来で / エリス
プリンセスコネクト！Re:Dive,25R40,1452654,1,ユニ / チエル / クロエ / いつか、また会う未来で / エリス
プリンセスコネクト！Re:Dive,7S57N,1452654,2,ユニ / チエル / クロエ / ちぇるちぇる☆かあにばる / いつか、また会う未来で
プリンセスコネクト！Re:Dive,368PW,1452654,1,ユニ / チエル / クロエ / いつか、また会う未来で / エリス
プリンセスコネクト！Re:Dive,45V7A,1452654,2,ユニ / チエル / クロエ / ちぇるちぇる☆かあにばる / いつか、また会う未来で
プリンセスコネクト！Re:Dive,6WW4S,1446372,5,イリヤ / ヨリ / アカリ / ミヤコ / ヴァイオレット
プリンセスコネクト！Re:Dive,5ZWWA,1446372,3,ホマレ / ムイミ / クローチェ / シェフィ / いつか、また会う未来で
プリンセスコネクト！Re:Dive,2EERG,1457931,1,ユニ / チエル / クロエ / いつか、また会う未来で / エリス
プリンセスコネクト！Re:Dive,1T2Q6,1477797,3,ホマレ / ムイミ / クローチェ / シェフィ / いつか、また会う未来で
プリンセスコネクト！Re:Dive,3KEK4,1477797,3,ホマレ / ムイミ / クローチェ / シェフィ / いつか、また会う未来で
プリンセスコネクト！Re:Dive,3WMLS,1478685,1,ユニ / チエル / クロエ / いつか、また会う未来で / エリス
プリンセスコネクト！Re:Dive,2114W,1464806,1,ユニ / チエル / クロエ / いつか、また会う未来で / エリス
プリンセスコネクト！Re:Dive,4HD7C,1459790,3,ホマレ / ムイミ / クローチェ / シェフィ / いつか、また会う未来で
プリンセスコネクト！Re:Dive,1HTVG,1459790,1,ユニ / チエル / クロエ / いつか、また会う未来で / エリス
プリンセスコネクト！Re:Dive,1VYHY,1459790,1,ユニ / チエル / クロエ / いつか、また会う未来で / エリス
プリンセスコネクト！Re:Dive,756TE,1459790,1,ユニ / チエル / クロエ / いつか、また会う未来で / エリス
プリンセスコネクト！Re:Dive,69U1N,1478741,3,ホマレ / ムイミ / クローチェ / シェフィ / いつか、また会う未来で
プリンセスコネクト！Re:Dive,6YBJQ,1478741,4,コッコロ / コールオブギルド / ランファ / ユイ / ラビリスタ
プリンセスコネクト！Re:Dive,4RNX2,1478741,2,ユニ / チエル / クロエ / ちぇるちぇる☆かあにばる / いつか、また会う未来で
プリンセスコネクト！Re:Dive,167HA,1472888,1,ユニ / チエル / クロエ / いつか、また会う未来で / エリス
プリンセスコネクト！Re:Dive,5RXUY,1472888,3,ホマレ / ムイミ / クローチェ / シェフィ / いつか、また会う未来で
プリンセスコネクト！Re:Dive,63KME,1472888,1,ユニ / チエル / クロエ / いつか、また会う未来で / エリス
プリンセスコネクト！Re:Dive,3Z8BS,1479641,2,ユニ / チエル / クロエ / ちぇるちぇる☆かあにばる / いつか、また会う未来で
プリンセスコネクト！Re:Dive,56Q28,1478272,4,コッコロ / コールオブギルド / ランファ / ユイ / ラビリスタ
プリンセスコネクト！Re:Dive,7UCJ8,1478272,2,ユニ / チエル / クロエ / ちぇるちぇる☆かあにばる / いつか、また会う未来で
プリンセスコネクト！Re:Dive,4Y53W,1478272,2,ユニ / チエル / クロエ / ちぇるちぇる☆かあにばる / いつか、また会う未来で
プリンセスコネクト！Re:Dive,5ARZS,1478272,6,ペコリーヌ / サレン / ノゾミ / チカ / キャプチャーストリング
プリンセスコネクト！Re:Dive,5XX1E,1467573,2,ユニ / チエル / クロエ / ちぇるちぇる☆かあにばる / いつか、また会う未来で
プリンセスコネクト！Re:Dive,UAVN,1467998,2,ユニ / チエル / クロエ / ちぇるちぇる☆かあにばる / いつか、また会う未来で
プリンセスコネクト！Re:Dive,4UKYC,1467998,1,ユニ / チエル / クロエ / いつか、また会う未来で / エリス
プリンセスコネクト！Re:Dive,4S5E2,1467998,1,ユニ / チエル / クロエ / いつか、また会う未来で / エリス
プリンセスコネクト！Re:Dive,2JGX0,1476769,1,ユニ / チエル / クロエ / いつか、また会う未来で / エリス
プリンセスコネクト！Re:Dive,4LASA,1476113,1,ユニ / チエル / クロエ / いつか、また会う未来で / エリス
プリンセスコネクト！Re:Dive,3XKNW,1476113,1,ユニ / チエル / クロエ / いつか、また会う未来で / エリス
プリンセスコネクト！Re:Dive,730E2,1459125,1,ユニ / チエル / クロエ / いつか、また会う未来で / エリス
プリンセスコネクト！Re:Dive,3N4MU,1459125,1,ユニ / チエル / クロエ / いつか、また会う未来で / エリス
プリンセスコネクト！Re:Dive,4U87G,1459125,1,ユニ / チエル / クロエ / いつか、また会う未来で / エリス
プリンセスコネクト！Re:Dive,1XFKL,1472403,2,ユニ / チエル / クロエ / ちぇるちぇる☆かあにばる / いつか、また会う未来で
プリンセスコネクト！Re:Dive,1DD2E,1459750,2,ユニ / チエル / クロエ / ちぇるちぇる☆かあにばる / いつか、また会う未来で
プリンセスコネクト！Re:Dive,5J1HU,1459750,3,ホマレ / ムイミ / クローチェ / シェフィ / いつか、また会う未来で
プリンセスコネクト！Re:Dive,784H4,1472351,4,コッコロ / コールオブギルド / ランファ / ユイ / ラビリスタ
プリンセスコネクト！Re:Dive,4XKT4,1468850,2,ユニ / チエル / クロエ / ちぇるちぇる☆かあにばる / いつか、また会う未来で
プリンセスコネクト！Re:Dive,6WHFQ,1468850,1,ユニ / チエル / クロエ / いつか、また会う未来で / エリス
プリンセスコネクト！Re:Dive,1JNGN,1468850,4,コッコロ / コールオブギルド / ランファ / ユイ / ラビリスタ
プリンセスコネクト！Re:Dive,1QYHC,1468850,1,ユニ / チエル / クロエ / いつか、また会う未来で / エリス
プリンセスコネクト！Re:Dive,765HC,1499928,3,ホマレ / ムイミ / クローチェ / シェフィ / いつか、また会う未来で
プリンセスコネクト！Re:Dive,5TM3L,1499928,1,ユニ / チエル / クロエ / いつか、また会う未来で / エリス
プリンセスコネクト！Re:Dive,1RA3L,1499928,1,ユニ / チエル / クロエ / いつか、また会う未来で / エリス
プリンセスコネクト！Re:Dive,4TC5Q,1505204,2,ユニ / チエル / クロエ / ちぇるちぇる☆かあにばる / いつか、また会う未来で
プリンセスコネクト！Re:Dive,6JEPG,1505204,1,ユニ / チエル / クロエ / いつか、また会う未来で / エリス
プリンセスコネクト！Re:Dive,637P4,1519582,3,ホマレ / ムイミ / クローチェ / シェフィ / いつか、また会う未来で
プリンセスコネクト！Re:Dive,2HMLA,1519582,1,ユニ / チエル / クロエ / いつか、また会う未来で / エリス
プリンセスコネクト！Re:Dive,5GZ5L,1512636,4,コッコロ / コールオブギルド / ランファ / ユイ / ラビリスタ
プリンセスコネクト！Re:Dive,46856,1512636,4,コッコロ / コールオブギルド / ランファ / ユイ / ラビリスタ
プリンセスコネクト！Re:Dive,6Z2JE,1507874,1,ユニ / チエル / クロエ / いつか、また会う未来で / エリス
プリンセスコネクト！Re:Dive,2HPXU,1503248,1,ユニ / チエル / クロエ / いつか、また会う未来で / エリス
プリンセスコネクト！Re:Dive,5DT24,1503248,1,ユニ / チエル / クロエ / いつか、また会う未来で / エリス
プリンセスコネクト！Re:Dive,73CFA,1503248,2,ユニ / チエル / クロエ / ちぇるちぇる☆かあにばる / いつか、また会う未来で
プリンセスコネクト！Re:Dive,13352,1492719,5,イリヤ / ヨリ / アカリ / ミヤコ / ヴァイオレット
プリンセスコネクト！Re:Dive,51PGS,1492719,2,ユニ / チエル / クロエ / ちぇるちぇる☆かあにばる / いつか、また会う未来で
プリンセスコネクト！Re:Dive,2BDX4,1492719,2,ユニ / チエル / クロエ / ちぇるちぇる☆かあにばる / いつか、また会う未来で
プリンセスコネクト！Re:Dive,756TE,1499885,1,ユニ / チエル / クロエ / いつか、また会う未来で / エリス
プリンセスコネクト！Re:Dive,4JT14,1499885,1,ユニ / チエル / クロエ / いつか、また会う未来で / エリス
プリンセスコネクト！Re:Dive,7F7H0,1495140,1,ユニ / チエル / クロエ / いつか、また会う未来で / エリス
プリンセスコネクト！Re:Dive,2R602,1495140,1,ユニ / チエル / クロエ / いつか、また会う未来で / エリス
プリンセスコネクト！Re:Dive,1B7YL,1495140,2,ユニ / チエル / クロエ / ちぇるちぇる☆かあにばる / いつか、また会う未来で
プリンセスコネクト！Re:Dive,24XKY,1495140,3,ホマレ / ムイミ / クローチェ / シェフィ / いつか、また会う未来で
プリンセスコネクト！Re:Dive,3X6QE,1513104,3,ホマレ / ムイミ / クローチェ / シェフィ / いつか、また会う未来で
プリンセスコネクト！Re:Dive,3EDDC,1499797,1,ユニ / チエル / クロエ / いつか、また会う未来で / エリス
プリンセスコネクト！Re:Dive,2PMX0,1501035,3,ホマレ / ムイミ / クローチェ / シェフィ / いつか、また会う未来で
プリンセスコネクト！Re:Dive,1C5UJ,1501046,5,イリヤ / ヨリ / アカリ / ミヤコ / ヴァイオレット
プリンセスコネクト！Re:Dive,7T53C,1510835,4,コッコロ / コールオブギルド / ランファ / ユイ / ラビリスタ
プリンセスコネクト！Re:Dive,5WDBC,1510835,3,ホマレ / ムイミ / クローチェ / シェフィ / いつか、また会う未来で
プリンセスコネクト！Re:Dive,5G502,1516377,4,コッコロ / コールオブギルド / ランファ / ユイ / ラビリスタ
プリンセスコネクト！Re:Dive,7JDH8,1516377,2,ユニ / チエル / クロエ / ちぇるちぇる☆かあにばる / いつか、また会う未来で
プリンセスコネクト！Re:Dive,22DNE,1516377,2,ユニ / チエル / クロエ / ちぇるちぇる☆かあにばる / いつか、また会う未来で
プリンセスコネクト！Re:Dive,71D70,1517333,4,コッコロ / コールオブギルド / ランファ / ユイ / ラビリスタ
プリンセスコネクト！Re:Dive,50P0S,1517333,5,イリヤ / ヨリ / アカリ / ミヤコ / ヴァイオレット
プリンセスコネクト！Re:Dive,57R3Q,1482962,3,ホマレ / ムイミ / クローチェ / シェフィ / いつか、また会う未来で
プリンセスコネクト！Re:Dive,189B4,1496673,1,ユニ / チエル / クロエ / いつか、また会う未来で / エリス
プリンセスコネクト！Re:Dive,73CFA,1496673,2,ユニ / チエル / クロエ / ちぇるちぇる☆かあにばる / いつか、また会う未来で
プリンセスコネクト！Re:Dive,73CFA,1502080,2,ユニ / チエル / クロエ / ちぇるちぇる☆かあにばる / いつか、また会う未来で
プリンセスコネクト！Re:Dive,189B4,1502080,1,ユニ / チエル / クロエ / いつか、また会う未来で / エリス
プリンセスコネクト！Re:Dive,46856,1502119,4,コッコロ / コールオブギルド / ランファ / ユイ / ラビリスタ
プリンセスコネクト！Re:Dive,1JB66,1502119,1,ユニ / チエル / クロエ / いつか、また会う未来で / エリス
プリンセスコネクト！Re:Dive,2ZC9Q,1518375,2,ユニ / チエル / クロエ / ちぇるちぇる☆かあにばる / いつか、また会う未来で
プリンセスコネクト！Re:Dive,1UPYE,1518375,1,ユニ / チエル / クロエ / いつか、また会う未来で / エリス
プリンセスコネクト！Re:Dive,2XRLA,1518375,4,コッコロ / コールオブギルド / ランファ / ユイ / ラビリスタ
ロイヤル,7N784,1457051,2,ベルエンジェル / 反転する翼 / 天界の尖兵 / 天使の泉 / フォーリンショット
ロイヤル,2N2E0,1474939,4,全識の六銘伝・シンラ / ワイルドメディエーター・ガンマ / 俯瞰の捜査員 / ギガブレード / 隘路の調査員
ロイヤル,7GA2N,1474939,1,音速の機構・ララミア / 月の刃・リオード / 空の指揮官・セリア / アストロウィング・ララミア / カースドクイーン・ナハト・ナハト
ロイヤル,29WY4,1476239,1,音速の機構・ララミア / 月の刃・リオード / 空の指揮官・セリア / アストロウィング・ララミア / カースドクイーン・ナハト・ナハト
ロイヤル,3PVNU,1477108,1,音速の機構・ララミア / 月の刃・リオード / 空の指揮官・セリア / アストロウィング・ララミア / カースドクイーン・ナハト・ナハト
ロイヤル,5P2EG,1476736,6,光の道筋 / 王たる光・ベイリオン / 輝ける剣撃 / ハルバードウルフ / ワンダーコック
ロイヤル,3H9PA,1476736,2,ベルエンジェル / 反転する翼 / 天界の尖兵 / 天使の泉 / フォーリンショット
ロイヤル,57H14,1475502,3,華の大将・タケツミ / 天下の大泥棒・ジエモン / 達人の芸者 / 帳場ガエル / 盗賊の乱飛
ロイヤル,3DYCG,1476081,1,音速の機構・ララミア / 月の刃・リオード / 空の指揮官・セリア / アストロウィング・ララミア / カースドクイーン・ナハト・ナハト
ロイヤル,4DF1C,1476081,1,音速の機構・ララミア / 月の刃・リオード / 空の指揮官・セリア / アストロウィング・ララミア / カースドクイーン・ナハト・ナハト
ロイヤル,2YCRS,1476081,4,全識の六銘伝・シンラ / ワイルドメディエーター・ガンマ / 俯瞰の捜査員 / ギガブレード / 隘路の調査員
ロイヤル,4B5QY,1448790,5,簒奪の絶傑・オクトリス / 簒奪の蛇剣 / アヴァリティア / 鮮やかな奪取 / 空絶の簒奪・オクトリス
ロイヤル,6LUFW,1472529,5,簒奪の絶傑・オクトリス / 簒奪の蛇剣 / アヴァリティア / 鮮やかな奪取 / 空絶の簒奪・オクトリス
ロイヤル,1AUZJ,1472616,6,光の道筋 / 王たる光・ベイリオン / 輝ける剣撃 / ハルバードウルフ / ワンダーコック
ロイヤル,27JWN,1472616,3,華の大将・タケツミ / 天下の大泥棒・ジエモン / 達人の芸者 / 帳場ガエル / 盗賊の乱飛
ロイヤル,2DLEC,1457931,4,全識の六銘伝・シンラ / ワイルドメディエーター・ガンマ / 俯瞰の捜査員 / ギガブレード / 隘路の調査員
ロイヤル,1AUZJ,1477797,6,光の道筋 / 王たる光・ベイリオン / 輝ける剣撃 / ハルバードウルフ / ワンダーコック
ロイヤル,2CVJ6,1477797,2,ベルエンジェル / 反転する翼 / 天界の尖兵 / 天使の泉 / フォーリンショット
ロイヤル,1AUZJ,1459563,6,光の道筋 / 王たる光・ベイリオン / 輝ける剣撃 / ハルバードウルフ / ワンダーコック
ロイヤル,1AUZJ,1478685,6,光の道筋 / 王たる光・ベイリオン / 輝ける剣撃 / ハルバードウルフ / ワンダーコック
ロイヤル,5P1C8,1464806,5,簒奪の絶傑・オクトリス / 簒奪の蛇剣 / アヴァリティア / 鮮やかな奪取 / 空絶の簒奪・オクトリス
ロイヤル,777JE,1459790,1,音速の機構・ララミア / 月の刃・リオード / 空の指揮官・セリア / アストロウィング・ララミア / カースドクイーン・ナハト・ナハト
ロイヤル,2YW60,1472888,7,月の刃・リオード / 不滅の英雄・ローラン / ベルエンジェル・リア / ダークセイバー・メリッサ / ペコリーヌ
ロイヤル,26XU4,1479641,4,全識の六銘伝・シンラ / ワイルドメディエーター・ガンマ / 俯瞰の捜査員 / ギガブレード / 隘路の調査員
ロイヤル,6AFR2,1467573,3,華の大将・タケツミ / 天下の大泥棒・ジエモン / 達人の芸者 / 帳場ガエル / 盗賊の乱飛
ロイヤル,5WHAL,1469473,1,音速の機構・ララミア / 月の刃・リオード / 空の指揮官・セリア / アストロウィング・ララミア / カースドクイーン・ナハト・ナハト
ロイヤル,5HNAU,1469473,2,ベルエンジェル / 反転する翼 / 天界の尖兵 / 天使の泉 / フォーリンショット
ロイヤル,480BN,1476769,5,簒奪の絶傑・オクトリス / 簒奪の蛇剣 / アヴァリティア / 鮮やかな奪取 / 空絶の簒奪・オクトリス
ロイヤル,1TUTA,1476769,2,ベルエンジェル / 反転する翼 / 天界の尖兵 / 天使の泉 / フォーリンショット
ロイヤル,7A47Y,1476769,2,ベルエンジェル / 反転する翼 / 天界の尖兵 / 天使の泉 / フォーリンショット
ロイヤル,1DCBC,1476769,2,ベルエンジェル / 反転する翼 / 天界の尖兵 / 天使の泉 / フォーリンショット
ロイヤル,4JMRC,1459125,8,カースドクイーン・ナハト・ナハト / レヴィオンの見習い・ルネス / 暴威の武人・ジェノ / レヴィオンの副団長・マイム / レヴィオンの魔術師・ミイム
ロイヤル,38Y98,1472403,5,簒奪の絶傑・オクトリス / 簒奪の蛇剣 / アヴァリティア / 鮮やかな奪取 / 空絶の簒奪・オクトリス
ロイヤル,67ZPF,1472351,5,簒奪の絶傑・オクトリス / 簒奪の蛇剣 / アヴァリティア / 鮮やかな奪取 / 空絶の簒奪・オクトリス
ロイヤル,2S7ZA,1466761,1,音速の機構・ララミア / 月の刃・リオード / 空の指揮官・セリア / アストロウィング・ララミア / カースドクイーン・ナハト・ナハト
ロイヤル,7N784,1468850,2,ベルエンジェル / 反転する翼 / 天界の尖兵 / 天使の泉 / フォーリンショット
ロイヤル,5HNAU,1468850,2,ベルエンジェル / 反転する翼 / 天界の尖兵 / 天使の泉 / フォーリンショット
ロイヤル,2Z7D8,1499928,4,全識の六銘伝・シンラ / ワイルドメディエーター・ガンマ / 俯瞰の捜査員 / ギガブレード / 隘路の調査員
ロイヤル,6S5LG,1505204,1,音速の機構・ララミア / 月の刃・リオード / 空の指揮官・セリア / アストロウィング・ララミア / カースドクイーン・ナハト・ナハト
ロイヤル,2NVE2,1505204,3,華の大将・タケツミ / 天下の大泥棒・ジエモン / 達人の芸者 / 帳場ガエル / 盗賊の乱飛
ロイヤル,6FA02,1505204,4,全識の六銘伝・シンラ / ワイルドメディエーター・ガンマ / 俯瞰の捜査員 / ギガブレード / 隘路の調査員
ロイヤル,6NBHU,1519582,3,華の大将・タケツミ / 天下の大泥棒・ジエモン / 達人の芸者 / 帳場ガエル / 盗賊の乱飛
ロイヤル,25V3U,1507874,5,簒奪の絶傑・オクトリス / 簒奪の蛇剣 / アヴァリティア / 鮮やかな奪取 / 空絶の簒奪・オクトリス
ロイヤル,73GM0,1492719,1,音速の機構・ララミア / 月の刃・リオード / 空の指揮官・セリア / アストロウィング・ララミア / カースドクイーン・ナハト・ナハト
ロイヤル,5N2KY,1499885,6,光の道筋 / 王たる光・ベイリオン / 輝ける剣撃 / ハルバードウルフ / ワンダーコック
ロイヤル,5N1UW,1499885,4,全識の六銘伝・シンラ / ワイルドメディエーター・ガンマ / 俯瞰の捜査員 / ギガブレード / 隘路の調査員
ロイヤル,4R4MQ,1499885,3,華の大将・タケツミ / 天下の大泥棒・ジエモン / 達人の芸者 / 帳場ガエル / 盗賊の乱飛
ロイヤル,4KPL8,1495140,6,光の道筋 / 王たる光・ベイリオン / 輝ける剣撃 / ハルバードウルフ / ワンダーコック
ロイヤル,742J2,1497462,1,音速の機構・ララミア / 月の刃・リオード / 空の指揮官・セリア / アストロウィング・ララミア / カースドクイーン・ナハト・ナハト
ロイヤル,6RWKG,1499797,3,華の大将・タケツミ / 天下の大泥棒・ジエモン / 達人の芸者 / 帳場ガエル / 盗賊の乱飛
ロイヤル,5LG10,1499797,3,華の大将・タケツミ / 天下の大泥棒・ジエモン / 達人の芸者 / 帳場ガエル / 盗賊の乱飛
ロイヤル,5Q6JU,1501035,3,華の大将・タケツミ / 天下の大泥棒・ジエモン / 達人の芸者 / 帳場ガエル / 盗賊の乱飛
ロイヤル,2MF5L,1517333,4,全識の六銘伝・シンラ / ワイルドメディエーター・ガンマ / 俯瞰の捜査員 / ギガブレード / 隘路の調査員
ロイヤル,129C6,1496673,5,簒奪の絶傑・オクトリス / 簒奪の蛇剣 / アヴァリティア / 鮮やかな奪取 / 空絶の簒奪・オクトリス
ロイヤル,1GFBY,1502080,7,月の刃・リオード / 不滅の英雄・ローラン / ベルエンジェル・リア / ダークセイバー・メリッサ / ペコリーヌ
ロイヤル,5CKDU,1518375,4,全識の六銘伝・シンラ / ワイルドメディエーター・ガンマ / 俯瞰の捜査員 / ギガブレード / 隘路の調査員
